M	Does the text still make sense?<|endoftext|>
M	Did you even read the text of the Convention?<|endoftext|>
M	Do I just have to spam a reliable carry like Jugg every game?<|endoftext|>
M	Are you actually trying to justify what Rondo said on jetlag and altitude by saying to be fair?<|endoftext|>
M	Are those stab wounds on his arms?<|endoftext|>
M	Do you guys really like Shaw that much?<|endoftext|>
M	Are you getting founders edition of 1060?<|endoftext|>
M	Are you the type of player I can expect to run into online?<|endoftext|>
M	Do I have any advance notice of this?<|endoftext|>
M	do people think of CP as an elite athlete?<|endoftext|>
M	Does the ult stack with Mercy damage buff?<|endoftext|>
M	Does anyone remember when Harry Lennix and read the lines I want you to remember Clark in your deepest, private moments the one man who beat you  ?<|endoftext|>
M	Are those games all online multiplayer games?<|endoftext|>
M	Was soll an dem Song jetzt schlimmer sein als an jedem anderen Rap Song, der in den letzten Monaten in den Charts war?<|endoftext|>
M	Did I mention stock and 401k matching 4%?<|endoftext|>
M	Does such a board exist below about the $200 (CAD) threshold?<|endoftext|>
M	Was the empty bar your 5RM?<|endoftext|>
M	Did Riggs not just win the first season (and seemingly only) season of Fight Master?<|endoftext|>
M	Did Prohibition actually keep people from drinking?<|endoftext|>
M	Should people who cant control themselves be able to get help?<|endoftext|>
M	Dont Elite controllers have a metal ring inside the edge of the analog stick slots?<|endoftext|>
M	Are you going to start dialing 911 when you see little kids out in front of their homes drawing on the sidewalk?<|endoftext|>
M	Are we not talking about 1 drink?<|endoftext|>
M	Did you know the Raiders actually started in San Francisco (Kezar Stadium)?<|endoftext|>
M	Are you at all, even a little bit, suggesting that Republicans would not use drone strikes?<|endoftext|>
M	Wasnt AMDGPU supposed to make that better?<|endoftext|>
M	Are you just like, automatically hating on 3.2 without having a reason?<|endoftext|>
M	Are you really that full of shit and up your own ass to realize that?<|endoftext|>
M	Did you read houndis response to you?<|endoftext|>
M	Did you watch the same game I did?<|endoftext|>
M	Do you not enjoy what Lebron and Steph bring to the game?<|endoftext|>
M	Did anybody actually think Brady was involved in Spy Gate?<|endoftext|>
M	Does the French citizenry get along with the British citizenry as well as the laid back stereotype suggests?<|endoftext|>
M	Arent you guys tired of the left wing political debates by now?<|endoftext|>
M	Do I have that all right?<|endoftext|>
M	Do Chalobah and Piazon really count as in our youth team though?<|endoftext|>
M	Are you using hardware that meets the minimum requirements?<|endoftext|>
M	Are you sure youre using your graphics card and not your integrated graphics card?<|endoftext|>
M	Was Obama also part of the alt-left?<|endoftext|>
M	Is having no games because people see the genre as unstable, too expensive to develop and with an unreliable, picky base of fans better than getting Skyrim-influence games?<|endoftext|>
M	Arent the free market nuts usually against any kind of government intervention?<|endoftext|>
M	Are you suggesting that the courts changed the narrative as well?<|endoftext|>
M	Does being a man of his times excuse what Jackson did, though?<|endoftext|>
M	Did you learn to read and write exclusively from your school?<|endoftext|>
M	Are we talking about the same Dennis Rodman?<|endoftext|>
M	Did you also sign up on reddit just to counter anything that humanises Palestinians?<|endoftext|>
M	Are you talking low mileage old car?<|endoftext|>
M	Should we also ban civilian dash cams?<|endoftext|>
M	Are the crops being produced by universities in the public domain?<|endoftext|>
M	Isnt the whole idea behind mega the fact that key pair generation happens client-side?<|endoftext|>
M	Do you also remember when Kobe demanded a trade?<|endoftext|>
M	Are you aware of Display Driver Uninstaller?<|endoftext|>
M	Do you already have a HDD that youll be popping in?<|endoftext|>
M	Did you really just say AI wasnt that great of a player?<|endoftext|>
M	Is standing on the turnbuckle during your entrance something that only established guys can do?<|endoftext|>
M	Do you understand a little bit better now?<|endoftext|>
M	Do you know how many seats will be loss to the right if Trump wins?<|endoftext|>
M	Isnt heat a big problem with AMD cards?<|endoftext|>
M	Did you know about the pending Alamo Trophy?<|endoftext|>
M	Are you suggesting that people shouldnt get angry over stuff that insults them?<|endoftext|>
M	Do you want to kill things in melee range?<|endoftext|>
M	Are you sure its not just putting the total votes in the upvote spot and showing 0 downvotes?<|endoftext|>
M	does being a racist religious fanatic prick constitute treason?<|endoftext|>
M	Is Destiny 2 going to be big enough to take over a MMO?<|endoftext|>
M	Do you see what I mean?<|endoftext|>
M	Should I play 1500hs just to get a shavs?<|endoftext|>
M	Is a Heat fan really complaining about LeBron-help narratives?<|endoftext|>
M	Did you miss that being all over the news?<|endoftext|>
M	Did you try turning the SLI off?<|endoftext|>
M	Do you hang out with teammates on the regular?<|endoftext|>
M	Do you really not see a difference at all?<|endoftext|>
M	Do you know Josiah Bartlett was a real person and the fictional character (only one T at the end) is supposedly related to him?<|endoftext|>
M	Do you condemn the attacks against innocent people in France and Belgium as wrong and cowardly?<|endoftext|>
M	Dont judge a book by its cover - do you think that the Deutsche Demokratische Republik was as democracy too?<|endoftext|>
M	Do you think his perception of the gamespeed was slowed down by getting coached in practice?<|endoftext|>
M	Do you have an old GPU you can install?<|endoftext|>
M	Do you think Jim Crow laws were taken down happily by those who passed them?<|endoftext|>
M	Wasnt the team that won the 3 superbowls mostly the same cast though?<|endoftext|>
M	Do you have weird obsession with piracy?<|endoftext|>
M	Did you watch the Denver game last year?<|endoftext|>
M	Does anyone actually think the broken Gimmick would be good in WWE anyway?<|endoftext|>
M	Do you know what the TS% is?<|endoftext|>
M	is ir possible the draft produced by the chopper could affect f1 cars aerodynamic?<|endoftext|>
M	Is the RX 480 the new card from AMD?<|endoftext|>
M	Are you sure you want to overclock in a mini-ITX case though?<|endoftext|>
M	Are you seriously comparing image quality through a Youtube video?<|endoftext|>
M	Do you know how Greece could loan so much money?<|endoftext|>
M	Did people learn _nothing_ from SimCity?<|endoftext|>
M	Do you enjoy teaching your SOs about new stuff?<|endoftext|>
M	Does such a system really belong in a democratic society?<|endoftext|>
M	Do you honestly think youre going to top that by simply switching teams?<|endoftext|>
M	Do you want congress to actually be run by lobbyists?<|endoftext|>
M	Are you seriously trying to quote mine?<|endoftext|>
M	Does Karma still have that feel good vibe when you reverse the logic behind it?<|endoftext|>
M	Do you have the game fully updated?<|endoftext|>
M	Is basketball played professionally(fulltime paid players) in these countries?<|endoftext|>
M	Do you know what subreddit youre on?<|endoftext|>
M	Do you think the 90 million gun owners, owning over 300 million guns are going to roll over and die?<|endoftext|>
M	Do you understand how hypocritical that seems?<|endoftext|>
M	Do you also know that the interest was well below market rates?<|endoftext|>
M	Doesnt bitcoin require an internet connection?<|endoftext|>
M	Are you still doing Starting Strength?<|endoftext|>
M	Do you think that a keeper, who trips the attacker when its one on one, is dishonest?<|endoftext|>
M	Do you have a Nexus device?<|endoftext|>
M	Did you even watch the video??<|endoftext|>
M	Should we ban the private ownership of pools?<|endoftext|>
M	Does Sange really bring anything to the table?<|endoftext|>
M	Did you even read Teslas comments though?<|endoftext|>
M	Did you do the fighters guild quest line in Oblivion?<|endoftext|>
M	Did you not read the entire thing?<|endoftext|>
M	Is the rest of 10 like this?<|endoftext|>
M	Didnt you just say that Tywin couldnt be completely sure Tyrion wasnt his son?<|endoftext|>
M	Dont you guys have five franchise players and still miss the playoffs by 30 points every year?<|endoftext|>
M	Is the Community Shield really considered a pre-season match though?<|endoftext|>
M	Do I see you hammering nearly as hard on the EMPLOYERS of these illegal immigrants?<|endoftext|>
M	Are you *sure* you want to get married?<|endoftext|>
M	Are you sure you know anything about motives you speak of?<|endoftext|>
M	Are you that hard to impress?<|endoftext|>
M	Do you have any idea on what kind of champion you would want to play against people?<|endoftext|>
M	Do you think that Bitcoin is just an experiment?<|endoftext|>
M	Isnt that exactly what happened to indie rock over the last decade?<|endoftext|>
M	Was DNF at least any better on the PC?<|endoftext|>
M	Does that seem like a fair system to you?<|endoftext|>
M	Do you have guaranteed free speech as long as you dont slander/libel/cause a riot?<|endoftext|>
M	do you know how FUCKING LOUD that shit is?<|endoftext|>
M	Do you give shit to the people who post their own music?<|endoftext|>
M	Did you know with that very tactic, I probably wouldnt be alive right now?<|endoftext|>
M	Are you referring to Obama because I am an American?<|endoftext|>
M	Does that mean every single one is good?<|endoftext|>
M	Isnt that Xeon really, really expensive?<|endoftext|>
M	Do you need that good of a CPU though?<|endoftext|>
M	do you think kobe is considered a good guy yet?<|endoftext|>
M	Do I need one to install my mobo?<|endoftext|>
M	Are you a bust if you are average in Euroleague?<|endoftext|>
M	Is screen tearing noticeable at 144 Hz?<|endoftext|>
M	Are people being too hard on Mad Men?<|endoftext|>
M	Didnt you see the never underestimate the Saints part of my comment?<|endoftext|>
M	Are you even a Southampton fan?<|endoftext|>
M	Does anyone have any opinions on these in particular?<|endoftext|>
M	Does that mean that maybe you have hepatitis too?<|endoftext|>
M	Does the nba have a rule keeping women out?<|endoftext|>
M	Do the taxes on the rich affect their consumption at all?<|endoftext|>
M	Did all four wheels cross the line?<|endoftext|>
M	Are you saying that you cant complain about things that are not fair because you dont experience them?<|endoftext|>
M	does being a fascist mod preclude you from swearing?<|endoftext|>
M	Are we going to restrict French Chefs?<|endoftext|>
M	Do *you* know the right altitude to jump out of an airplane when wearing what most people wear on airplanes?<|endoftext|>
M	Does that mean all Christians are like that?<|endoftext|>
M	Was that Russian equipment good enough in Iraq?<|endoftext|>
M	Are humans doing bad things to the environment?<|endoftext|>
M	Shouldnt Nvidia of all people know what my GPU can handle?<|endoftext|>
M	Did you not see that post about how all 32 teams feel like r/nba hates them?<|endoftext|>
M	Do you really think that a WWIII between Russia and the US would have been a better alternative to the Cold War?<|endoftext|>
M	Did you top up the fluid?<|endoftext|>
M	Do you have any fitness goals to train towards?<|endoftext|>
M	Do I have to include sli in my comment just to reassure people that im not bashing amd?<|endoftext|>
M	Do you have the 250D already?<|endoftext|>
M	Does that mean I can be a member of the Spurs?<|endoftext|>
M	Dont you people have ANY FUCKING DECENCY?<|endoftext|>
M	did you see the images of hooded man with sunglasses strapping the prosthetic on that amputee the cowboy helped?<|endoftext|>
M	Did you even read the article?<|endoftext|>
M	Do you think continental Europe can ever act in concert?<|endoftext|>
M	Are we still gonna count Kyrie as a Non-US player?<|endoftext|>
M	Do you believe that someone with an enthusiasts rig will not be a customer within the 70% market penetration Steam has over digital distribution?<|endoftext|>
M	Should we take the same policy when gas and electric bills dont get paid?<|endoftext|>
M	Are you saying that a car wash isnt a means of production?<|endoftext|>
M	Do I actually believe Marissa Mayer should face criminal charges?<|endoftext|>
M	Didnt play those games, but why is a few of those games doing that, indicative of all games doing that?<|endoftext|>
M	Do you understand why that means absolutely nothing?<|endoftext|>
M	Did you mentally elide the longer part of my comment about how false accusation is a tool of coercion used by rapists to rape people?<|endoftext|>
M	Do you think the police dont know and use that fact?<|endoftext|>
M	Did The American military deliberately killed those civilians?<|endoftext|>
M	Shouldnt I be able to change my own spark plugs?<|endoftext|>
M	Does that come as a surprise to anyone?<|endoftext|>
M	Do Belgium have a RB thats even close to Meuniers level?<|endoftext|>
M	Does anyone know which teams contacted him?<|endoftext|>
M	Is the NBA still the owner of the (now) Pelicans?<|endoftext|>
M	Didnt his return to Cleveland net the Cavs 200 million extra because of Lebrons return?<|endoftext|>
M	Dont QBs see their biggest jump in quality from the 1st to the 2nd year?<|endoftext|>
M	Do you think that Blizzard is specifically targeting you with shitty players?<|endoftext|>
M	Did you realize that only 1 out of the five 4*+ WRs weve signed in 2012/2013 classes is gone?<|endoftext|>
M	Do any of your guys use best buy/ future shop price matches during your builds?<|endoftext|>
M	Is Khedira not a downgrade after his injury problems at Real Madrid?<|endoftext|>
M	Dont you want the best teams in the tournament?<|endoftext|>
M	Are you talking about Chelsea, Man Utd., Man City, Real Madrid, Barcelona?<|endoftext|>
M	Dont think its possible with Islam I take it?<|endoftext|>
M	Are you really so against making the game better that you wont admit its flawed in some small way?<|endoftext|>
M	Do you know what an unfalsifiable claim is?<|endoftext|>
M	Did you even read his post?<|endoftext|>
M	Is End of Nations not a sequel?<|endoftext|>
M	Arent the keys on steam market overpriced though?<|endoftext|>
M	Are image threads and gif threads to be self posts?<|endoftext|>
M	Does contributing to a political campaign count as goods and services?<|endoftext|>
M	Do you mind backing up your baseless statements by linking a website that displays differently in IE and IETab?<|endoftext|>
M	Do you mean like a spedo?<|endoftext|>
M	Do you know what would happen if we went to war with Russia?<|endoftext|>
M	Was I irrational to cross the street?<|endoftext|>
M	Do the even make the playoffs with basically just Butler Wade and Rondo?<|endoftext|>
M	Does that mean Superman has responsibility commensurate with his power?<|endoftext|>
M	Does that mean their products are sub-par?<|endoftext|>
M	Did Trump advocate time and time again to go to war?<|endoftext|>
M	Does ps4 have something like Xboxs smart glass on their app?<|endoftext|>
M	Does that honestly sound like a man who voted remain 13 months later?<|endoftext|>
M	Does anyone else think the jetpack may be just the go-to secondary ability?<|endoftext|>
M	Did you play magic last night and get a free Promo?<|endoftext|>
M	Do you have Microcenter in Canada?<|endoftext|>
M	Is 85 million going to put you above Man U, Man C, Chelsea, Arsenal and Tottenham though?<|endoftext|>
M	does anything happen when you push the start button?<|endoftext|>
M	Does that mean I hate them?<|endoftext|>
M	Is a R9 270 a better upgrade than a HD 7870?<|endoftext|>
M	Do you think its possible theyre going to have multiple versions of icons?<|endoftext|>
M	wasnt Pedro to the Sox basically just a salary dump?<|endoftext|>
M	Do you want a real answer to your presumption?<|endoftext|>
M	Do you still want to use external speakers?<|endoftext|>
M	Does arbitration ave to be fair?<|endoftext|>
M	Does Lebron have a boxing glove?<|endoftext|>
M	Did I say anything about civilians alone?<|endoftext|>
M	Are you saying all those things are bad?<|endoftext|>
M	Do you think your company will/can consistently improve their stock price?<|endoftext|>
M	Do you really need a 256 GB SSD alongside a 1.5 TB 7200 RPM HDD?<|endoftext|>
M	Did you oversee the establishment and connection of your power lines?<|endoftext|>
M	Does the mobo have LEDs on it?<|endoftext|>
M	Did you notice that I said culture not race?<|endoftext|>
M	Does the player development engine take into account game experience yet?<|endoftext|>
M	Is the U.S. a police state?<|endoftext|>
M	Do you care to guess what his reasoning was?<|endoftext|>
M	Did people really see Currys contract as bad?<|endoftext|>
M	Are Bulls fans really going to buy so many tickets just to root against the Cavs?<|endoftext|>
M	Do you really think that the people who bugged offices came in  with real identification?<|endoftext|>
M	Do you ever see NFL fans complain the Luke Kuechly is overrated and isnt as good as Khalil Mack?<|endoftext|>
M	Didnt Penn has his best season last year?<|endoftext|>
M	Did Blizzard stop developing WoW when everyone was happy with Vanilla?<|endoftext|>
M	Did you read what you wrote?<|endoftext|>
M	Did you know that 18 veterans commit suicide every day?<|endoftext|>
M	Is US culture one that is open to violence?<|endoftext|>
M	Does that mean Lebron is going to sign with Cleveland?<|endoftext|>
M	Do you have know of a better solution?<|endoftext|>
M	Didnt the packers lead that year?<|endoftext|>
M	Did I mention no one in the United States has ever died from a nuclear power plant related incident?<|endoftext|>
M	Do people not remember that Hillary was just as inevitable in 2008?<|endoftext|>
M	Did you see Irving cut through the USA teams defense a couple days ago?<|endoftext|>
M	Are you saying that God couldnt?<|endoftext|>
M	Do you want some video links too?<|endoftext|>
M	Did you really just call a player with 43 career points a better playmaker than a player who has 48 assists in one season a year ago?<|endoftext|>
M	Are journalists enemies of the State?<|endoftext|>
M	Do the wolves have any shooters coming so far?<|endoftext|>
M	Are you that dense that you think referendums should be held yearly until you get the result you like?<|endoftext|>
M	Are we already in the lionising the past leader we hated at the time phase?<|endoftext|>
M	Are Billions of Americans doing ANYTHING about this?<|endoftext|>
M	Did I learn much from my internship?<|endoftext|>
M	are you shitting me right now?<|endoftext|>
M	Are A and B supposed to be 2 different lifting days?<|endoftext|>
M	Do you play soccer as well?<|endoftext|>
M	Do you want a 5 litre BMW V12?<|endoftext|>
M	Do you think Rent will stay the same in 20 years?<|endoftext|>
M	Do you know who Malala is?<|endoftext|>
M	Does that really sound like a calculation thats in tune with todays market?<|endoftext|>
M	Do you not know what a CEO is?<|endoftext|>
M	Are you going to let a supposed barrier lie between you and what you want?<|endoftext|>
M	Is the team really looking amazing?<|endoftext|>
M	Dont F1 cars have all of these things?<|endoftext|>
M	Do you know self defense law (honestly)?<|endoftext|>
M	Do you want to continue entertaining me?<|endoftext|>
M	Does the charter give Canadians the right to not be charged with treason?<|endoftext|>
M	Do you really think its legal gun owners who are causing gun violence in America?<|endoftext|>
M	Are you planning on buying a GPU later?<|endoftext|>
M	Is Everton a direct rival though?<|endoftext|>
M	Does anyone else hate the fact you can only stream to your TV via one of their products?<|endoftext|>
M	Are you talking about bullet trains?<|endoftext|>
M	Do I need to repeat myself?<|endoftext|>
M	Are you referring to reducing accelerated depreciation on jets?<|endoftext|>
M	Is your answer really going to be any different though?<|endoftext|>
M	Are we watching the same video?<|endoftext|>
M	Did I say that language has never changed?<|endoftext|>
M	Isnt the Deadlift supposed to end with setting down the weights in a controlled manner?<|endoftext|>
M	Do I really sound like that?<|endoftext|>
M	Do you really want a 24?<|endoftext|>
M	Are you going to tell me, with a straight face, that debate with full fairness is what took place in the Senate between Tuesday and Thursday?<|endoftext|>
M	Should we allow people who shirk their civic duties and responsibilities to get privileges?<|endoftext|>
M	Does your computer meet the system requirements?<|endoftext|>
M	Should I just use 9 standoffs?<|endoftext|>
M	Is a military recruiting office a valid target, because the people inside are DoD personnel?<|endoftext|>
M	Do you remember clearly something you watched 5 months ago?<|endoftext|>
M	Are you a paid DNC shill?<|endoftext|>
M	Are you saying that Kyrie can lead an offense by himself?<|endoftext|>
M	Are you telling me half their backbone fiber links are sitting idle?<|endoftext|>
M	Should I buy a Superclocked graphics card like this?<|endoftext|>
M	Do you absolutely want to keep the option open to have a war between EU members?<|endoftext|>
M	Is my Tony Parker selection really that bad compared to what the advanced analytic crowd bears out?<|endoftext|>
M	Do you know what impresses me most about the car?<|endoftext|>
M	Are you against those as well?<|endoftext|>
M	Was what Trumps campaign did a violation of the FECA?<|endoftext|>
M	Does that mean we subsidize mediocrity?<|endoftext|>
M	Dont want voicemail but want 10gb data?<|endoftext|>
M	Are the Knicks going to be a good team next year?<|endoftext|>
M	Does the league really have a ton to lose?<|endoftext|>
M	Do I think its guaranteed well be top 6?<|endoftext|>
M	Are THESE people exempt from these laws?<|endoftext|>
M	Do you know what a Raspberry Pi costs?<|endoftext|>
M	Does that sound like a good idea?<|endoftext|>
M	Do you think the starting guards will be Rondo and Bradley?<|endoftext|>
M	Was the idea of a patent sound in the time the system was created?<|endoftext|>
M	Was Zimmerman simply supposed to let Trayvon beat the shit out of him?<|endoftext|>
M	Did the prosecution have a limited case?<|endoftext|>
M	Is the blood of everyone who died in the Iraq war on my hands, as someone who has profited from oil sales?<|endoftext|>
M	Do you even live in America?<|endoftext|>
M	Are you referring to food stamps?<|endoftext|>
M	Did I say drugs are victimless?<|endoftext|>
M	Does your team need an elite goaltender?<|endoftext|>
M	Do you identify as a man?<|endoftext|>
M	Wasnt the biggest come back Bradys last year vs the Ravens and the Hawks?<|endoftext|>
M	Do you want to actually get strong?<|endoftext|>
M	Is your check engine light on?<|endoftext|>
M	Does that include expenses like facilities improvement spread over years?<|endoftext|>
M	Dont get me wrong, I love LOTR as much as the next guy, but splitting that book into THREE MOVIES?<|endoftext|>
M	Do you need to ally yourself with a group that could cause later blowback?<|endoftext|>
M	Does Overwatch have over 100 champions?<|endoftext|>
M	Do these requirements trend towards 58+, young, straight men?<|endoftext|>
M	Did you not read what I said?<|endoftext|>
M	Didnt bobby Petrino hire his slam piece at Arkansas?<|endoftext|>
M	Does that mean my code is not malicious?<|endoftext|>
M	Are you trying to say gun suicides are not gun deaths?<|endoftext|>
M	Is the robot gonna call it?<|endoftext|>
M	Is our species hard wired to be retarded?<|endoftext|>
M	Is all you really want to be able to talk to women better?<|endoftext|>
M	Do you have any idea how much time that is?<|endoftext|>
M	Didnt the GTs V8 also jump up in hp around the same time, though?<|endoftext|>
M	Did you think we have a GB football team?<|endoftext|>
M	Do you own a legacy football team?<|endoftext|>
M	Do you get charged based on how many hours of TV you watch?<|endoftext|>
M	Are all tournaments going to be sold now?<|endoftext|>
M	Do you even know what guilt by association is?<|endoftext|>
M	Do you have a microcenter near you?<|endoftext|>
M	Do I think Michigan wins ultimately?<|endoftext|>
M	Are you actually saying that the way to rate top receivers from a season is their yardage totals?<|endoftext|>
M	Do you have any PROOF that Hillarys unsecured basement server was hacked by the Russians?<|endoftext|>
M	Are you calling the Democrat ticket liars?<|endoftext|>
M	Are you being real right now?<|endoftext|>
M	Do I think Moncada will be a good player?<|endoftext|>
M	Do you honestly believe we are getting pist because of one leaked photoshop presentation?<|endoftext|>
M	Do the Lions still bring in Marvin Jones Jr. with Calvin Johnson still on the team?<|endoftext|>
M	Are you really sure you want to upgrade from i5-4690K to i7-6700?<|endoftext|>
M	Does the content somehow degrade over time?<|endoftext|>
M	Do you care to comment on this?<|endoftext|>
M	Do we call every NFL player an athletic freak because theyre all strong and fast?<|endoftext|>
M	Is the United States currently doing things that piss off Middle Eastern Religious fundamentalists?<|endoftext|>
M	Do you know how to compound 8% per year?<|endoftext|>
M	Do you honestly disagree with that?<|endoftext|>
M	Are you referring to Stepan Bandera?<|endoftext|>
M	Do you really want some unknown person wandering around nuclear weapons?<|endoftext|>
M	Wasnt my point, but if were arguing based on comparables now, then whats his argument over Elias?<|endoftext|>
M	Do you realize that thee xbox has 2002-2003 hardware in it?<|endoftext|>
M	Are you getting yellow on the 3DS?<|endoftext|>
M	Do you live near a stadium?<|endoftext|>
M	Are you saying Heat fans are that unsophisticated?<|endoftext|>
M	Do you actually want the Democrat to win?<|endoftext|>
M	Are you going to claim that every single one of those documents contained evidence of evil and unprincipled actions?<|endoftext|>
M	Didnt Bungie even admit that last-gen held games scope back?<|endoftext|>
M	Do you have any idea what the US looked like when we were doing the same thing?<|endoftext|>
M	Do you even remember what the Xbox 360 launch looked like?<|endoftext|>
M	Is the second half the exact opposite results?<|endoftext|>
M	Did you even read the whole article?<|endoftext|>
M	Arent these the same folks who banned guns?<|endoftext|>
M	Do you have links to any?<|endoftext|>
M	Do you really want to see that in baseball?<|endoftext|>
M	Do you want to deny the enemy from killing one of your teammates?<|endoftext|>
M	Do you really think the refs would even be able to call everything completely impartially?<|endoftext|>
M	Are you talking about his knee issues from 2011?<|endoftext|>
M	Did you watch the NBA playoffs?<|endoftext|>
M	Do you have any examples of how gaming has advanced (not just technically, but in society) in the last handful of years?<|endoftext|>
M	Do you not realize how biased that sounds?<|endoftext|>
M	Did each anti-meta hipster build take experimentation?<|endoftext|>
M	Did you buy a spare SATA cable?<|endoftext|>
M	Was I the only Hawks fan that was still all tight-butthole about a Denver comeback, right up until Tarvaris Jackson got put in?<|endoftext|>
M	Are you going to be overclocking at all?<|endoftext|>
M	Is a small-case build capable of low-end gaming/video even viable at a budget?<|endoftext|>
M	Do you want me to list Romo as well?<|endoftext|>
M	Isnt that what great music is ultimately about?<|endoftext|>
M	Is Anthony Calvillo better than Josh McCown?<|endoftext|>
M	Did you know that Notre Dame is 3-12 in its last 15 bowl appearances?<|endoftext|>
M	Do you decide to not keep running towards the house?<|endoftext|>
M	Was its plot a bit contrived?<|endoftext|>
M	Do Rocket fans really think Howard can help their team to win a championship?<|endoftext|>
M	Do you even know what those are?<|endoftext|>
M	Do you live near a Microcenter?<|endoftext|>
M	Did you hear about the private prison kickback scandal?<|endoftext|>
M	Are you being serious right now?<|endoftext|>
M	Are you actually planning to over clock your CPU?<|endoftext|>
M	Are you tied to that case?<|endoftext|>
M	Do you need a DVD drive?<|endoftext|>
M	Do you already own that SSD & optical drive?<|endoftext|>
M	Do you need a keyboard & mouse?<|endoftext|>
M	Do I still think hes a top 10 player in the league?<|endoftext|>
M	Did we have chances to win that game?<|endoftext|>
M	Did you see Stablers Super Bowl count?<|endoftext|>
M	Do you plan to over clock the CPU?<|endoftext|>
M	Do you actually plan to over clock your CPU?<|endoftext|>
M	Do Dwight+Harden bring as many fans to the arena as Lebron?<|endoftext|>
M	Do you really need to overclock?<|endoftext|>
M	Is my build ready to go?<|endoftext|>
W	Is the blood from the pads/liners/tampons visible?<|endoftext|>
W	Do you know what I was thinking about each pregnancy?<|endoftext|>
W	Doesnt that make you feel sexy?<|endoftext|>
W	Are you going to let those kids die because youre afraid of rocking the boat?<|endoftext|>
W	Does your son have a job?<|endoftext|>
W	Do you think only women care about weddings?<|endoftext|>
W	Do you guys not understand how readily available sex is to attractive women?<|endoftext|>
W	Should everything just be split equally?<|endoftext|>
W	Did we get rid of THAT dog though?<|endoftext|>
W	Do you not live in the same reality as the rest of us?<|endoftext|>
W	Did you even watch that show?<|endoftext|>
W	Do you see how ridiculous that seems?<|endoftext|>
W	Do you not see how silly the double standard you are presenting is?<|endoftext|>
W	Do you really think that kids only learn about sex from their parents?<|endoftext|>
W	Does that sound like someone willing to compromise and discuss it?<|endoftext|>
W	Are you prepared to go your entire life without the financial and social security of a legal marriage?<|endoftext|>
W	Do you allow your dog on the couch/bed when hes not around?<|endoftext|>
W	Dont you think youve put in enough time?<|endoftext|>
W	Do you all get all huffy if the characters think about their feet hurting?<|endoftext|>
W	Are you doing anything about your depression?<|endoftext|>
W	Do you have a lot of carpet?<|endoftext|>
W	does your husband want to have a threesome?<|endoftext|>
W	Do you really think women sleep with men because theyre all paying us, thanks to an underground game you werent invited to?<|endoftext|>
W	Should we eliminate the armed services based solely on that?<|endoftext|>
W	Are you ready to gamble with that?<|endoftext|>
W	Did OP mean something similar with his joke?<|endoftext|>
W	Do you think people are rich?<|endoftext|>
W	Do you have access to couples counseling?<|endoftext|>
W	Do we even know who won?<|endoftext|>
W	Do dads teach sons how to attract women?<|endoftext|>
W	Are his actions the actions of someone who loves you?<|endoftext|>
W	Do you have pictures of the ruined things and pictures to prove infestation?<|endoftext|>
W	Does you both even know what the legal definition of marriage is?<|endoftext|>
W	Do the bills still get paid on time?<|endoftext|>
W	Do I love thinking about it?<|endoftext|>
W	Did anyone catch what Nicole & Michelle were saying after?<|endoftext|>
W	Do you react if you touch a banana?<|endoftext|>
W	Dont people grow out of that by, like, gradeschool?<|endoftext|>
W	Are you... trying to convert me?<|endoftext|>
W	Do you guys have baby carriers?<|endoftext|>
W	Did I act on that and basically burn a solid relationship to the ground?<|endoftext|>
W	Does your school have a clinic?<|endoftext|>
W	Do you want any advice as to getting into HR?<|endoftext|>
W	Do you come to events like these often?<|endoftext|>
W	Are you OK with these different scenarios?<|endoftext|>
W	Do you want to be in the same place in ten years?<|endoftext|>
W	Did my period just start in class?<|endoftext|>
W	Do you just tell the vet your cats name is cat?<|endoftext|>
W	Do you know potentially what that could be?<|endoftext|>
W	Do you have any friends who will let you couch-surf?<|endoftext|>
W	Dont you think things would have turned out differently in that case?<|endoftext|>
W	Dont you want a similar relationship?<|endoftext|>
W	Is sleeping with a married man good?<|endoftext|>
W	Are you willing to split a different percentage of the hotel bill (60/40)?<|endoftext|>
W	Do you remember that thing you said on your wedding day?<|endoftext|>
W	Does the rest of the family know you yet?<|endoftext|>
W	Do you know anyone whos actually successfully *done* what youre talking about?<|endoftext|>
W	Do OCD people want to wash their hands exactly 32 times a day?<|endoftext|>
W	Did I mention that my mom brought the dog?<|endoftext|>
W	Do you want to have kids with someone that will have freak outs like this?<|endoftext|>
W	Do you mind if i ask what places youve lived in?<|endoftext|>
W	Is your daughter also allergic to banana products, like banana bread?<|endoftext|>
W	Did you even read the website?<|endoftext|>
W	Do you see how you phrased this?<|endoftext|>
W	Is VS really considered to be that bad?<|endoftext|>
W	Do you mean something like that?<|endoftext|>
W	Did I have hallucinations that night due to fatigue and hunger?<|endoftext|>
W	Are you able to take a break?<|endoftext|>
W	Did I get all that right?<|endoftext|>
W	Do you not see that as condescending?<|endoftext|>
W	Do I look fatter than a few days ago?<|endoftext|>
W	Is your relationship with your family one of your main values?<|endoftext|>
W	Are men, on a whole, not interested in teaching small children?<|endoftext|>
W	Do you know if Ben is home yet??<|endoftext|>
W	Do your health services treat depression and anxiety?<|endoftext|>
W	Do all guys who want a MFF threesome already have a woman picked out too?<|endoftext|>
W	Do you have kids of your own?<|endoftext|>
W	Are these to be treated as natural deaths?<|endoftext|>
W	Do you understand what I am saying?<|endoftext|>
W	Did you know fast food drive thrus are on a timer?<|endoftext|>
W	Is any of that going to change in the next 2 years?<|endoftext|>
W	do you think these are unreasonable deal breakers?<|endoftext|>
W	Are you sure youre dating a 29 year old woman and not a toddler?<|endoftext|>
W	Do these parents even truly understand what ASD *is*?<|endoftext|>
W	Was Alex close at all with your ex?<|endoftext|>
W	Doesnt everyone realize that last week Frankie waffled a lot?<|endoftext|>
W	Does that have alcohol in it?<|endoftext|>
W	Isnt that why its called standard?<|endoftext|>
W	Isnt that the best feeling ever?<|endoftext|>
W	Are you really going to keep whining that old people are dumb?<|endoftext|>
W	Do you really not see why?<|endoftext|>
W	Does your husband know the difference between a healthy, happy competitiveness and an unhealthy obsession with winning?<|endoftext|>
W	Does that help to clarify mattes?<|endoftext|>
W	Are you talking about just yourself?<|endoftext|>
W	Did I think of my boyfriend every time?<|endoftext|>
W	Do you have any idea how absolutely awful and soul-crushing and destructive an emotionally abusive relationship can be?<|endoftext|>
W	Do you have any ideas on how I can embark on a path to contributing to making womens reproductive health easier?<|endoftext|>
W	Did you know that you smelled?<|endoftext|>
W	Does your garage have any windows that could be busted open and climbed through?<|endoftext|>
W	Did you ever hear the advice on how to give feedback in a professional environment?<|endoftext|>
W	Isnt that the point of the sub?<|endoftext|>
W	Are you saying that you only want to seriously date/feel an emotional connection with the people who reject you?<|endoftext|>
W	Are you finding guys that actually want that?<|endoftext|>
W	Are these to be treated as natural deaths?<|endoftext|>
W	Is your girlfriend actually seeing anyone else?<|endoftext|>
W	Dont we all have little reminders of our losses?<|endoftext|>
W	Did your vet do an aspirate the first time?<|endoftext|>
W	Do we think Tiff has a crush on Paulie?<|endoftext|>
W	Is acknowledging that conception is possible the equivalent of consent to  keeping a pregnancy?<|endoftext|>
W	Are you sure people arent just saying the guests dashed and then pocketing the cash?<|endoftext|>
W	Are cats likely to eat these pellets?<|endoftext|>
W	Was Trump getting strategic advice from Hannity?<|endoftext|>
W	Do you have any published research to back that up?<|endoftext|>
W	Does a lot of food go to waste?<|endoftext|>
W	Does your assistant have separate hotel reservations?<|endoftext|>
W	Do I see a romantic situation developing with any of these guys?<|endoftext|>
W	Are you sure you werent dating my ex?<|endoftext|>
W	Do you take many breaks, to add some rhythm to your day?<|endoftext|>
W	Did you read the article you linked?<|endoftext|>
W	Are you using big girl bras now?<|endoftext|>
W	Do you know what guys are thinking when theyre eating you out?<|endoftext|>
W	Are Christians being misunderstood and prejudged?<|endoftext|>
W	Do we believe that Day is gonna try to protect Tiff?<|endoftext|>
W	Do you have the rest of the vulva, too?<|endoftext|>
W	Do you know what I did?<|endoftext|>
W	Are you planning on any kind of training course?<|endoftext|>
W	Did you not read what I said?<|endoftext|>
W	Is anyone at all actually interested, though?<|endoftext|>
W	Are you just someone who stays at home and does nothing?<|endoftext|>
W	Is your husband bonded with his kid?<|endoftext|>
W	Do you like having yours longer?<|endoftext|>
W	Do special rooms in a hotel operate differently?<|endoftext|>
W	Do you tend to stay pale?<|endoftext|>
W	Did I say, dont understand rules?<|endoftext|>
W	Are you a woman under the age of 40?<|endoftext|>
W	Isnt the whole point of feminism that we, as women, get to do what we like with ourselves?<|endoftext|>
W	Do you know any six year olds?<|endoftext|>
W	Are geckos typically hard to handtame?<|endoftext|>
W	Is your husband named Raymond and does everybody love him?<|endoftext|>
W	Is Day lying about Tiff liking Paulie?<|endoftext|>
W	Do you feel confident while youre with your dates?<|endoftext|>
W	Do I regret not partying in high school?<|endoftext|>
W	Do you really think that R U goin 2 the movies sounds no less intelligent than Are you going to the movies?<|endoftext|>
W	Do you guys like when girls like, fondle your balls when giving hand/blowjobs?<|endoftext|>
W	Are women *really* that much of a pain to have sex with?<|endoftext|>
W	Are you two of the same ethnicity?<|endoftext|>
W	Are you asking how a woman can be raped?<|endoftext|>
W	Did you move to a smaller city post-grad?<|endoftext|>
W	Do I post photos of my food to social media every time I have a snack?<|endoftext|>
W	Do you want to date guys who are exactly the same age as you?<|endoftext|>
W	Did you really ever see a future with him?<|endoftext|>
W	Do you get a tourist visa agreement with the EU?<|endoftext|>
W	Do you ever talk to them?<|endoftext|>
W	Are you embarrassed you said that out loud?<|endoftext|>
W	Are doing dungeons over and over again the best way to do this?<|endoftext|>
W	Are false accusations of rape a problem?<|endoftext|>
W	Is your endpoint that we should be on single payer?<|endoftext|>
W	Doesnt that mean that the reaction is greater too not equal?<|endoftext|>
W	Do you have someone you can call?<|endoftext|>
W	Are you seeing any non-verbal language in the comics?<|endoftext|>
W	Do you know how much business at the executive levels is actually done over dinner and drinks?<|endoftext|>
W	Do you know anyone in the US?<|endoftext|>
W	Did you know the federal government offers FAFSA?<|endoftext|>
W	Are you willing to live the rest of your life being a crutch?<|endoftext|>
W	Do you need breasts do have intercourse?<|endoftext|>
W	Do you know how many people FADE after 1-3 dates?<|endoftext|>
W	Do you really want to be with someone whose mind you have to change?<|endoftext|>
W	Do you find yourself being groped freely when you go to a concert?<|endoftext|>
W	Do you have a friend you can turn to?<|endoftext|>
W	Are you saying my feelings arent valid?<|endoftext|>
W	Do I even need an explanation?<|endoftext|>
W	Do you by chance have general trouble picking up on social cues?<|endoftext|>
W	Do you have to express a dogs anal glands?<|endoftext|>
W	Are we now all on the same page?<|endoftext|>
W	Do lower level tanks not have AOE threat mechanics?<|endoftext|>
W	Do you guys have real chemistry?<|endoftext|>
W	Do you have a picture of yourself?<|endoftext|>
W	Did you talk to these people in real life?<|endoftext|>
W	Arent most people on reddit likely to be fat, at least statistically [serious]?<|endoftext|>
W	Did you find that your personal life was okay in spite of medical school?<|endoftext|>
W	Do you want your children to grow up thinking thats okay?<|endoftext|>
W	Do you think you and your boyfriend will ever have kids?<|endoftext|>
W	Are all you young kids the ones downvoting me?<|endoftext|>
W	Wasnt the medic only on TV?<|endoftext|>
W	Are you deliberately trying to miss my point?<|endoftext|>
W	Does anyone notice a huge gap between reddit and real life sometimes?<|endoftext|>
W	Did you ever wonder why David was accusing you of such an absurd thing?<|endoftext|>
W	Do you know the website Texts from Last Night?<|endoftext|>
W	Are you okay with the potential of an emergency happening and you both ending up homeless?<|endoftext|>
W	Are you scared of being a single mom?<|endoftext|>
W	Does that mean I can never hang out with any of my friends one on one til late in the night?<|endoftext|>
W	Do you have to take classes with him?<|endoftext|>
W	Are you doing okay and being treated properly?<|endoftext|>
W	Do I require presents from my best friends on my birthday?<|endoftext|>
W	Do you even know anything about sexual reproduction?<|endoftext|>
W	Do you have any special occasions coming up?<|endoftext|>
W	Is doggy less strenuous on yall than missionary?<|endoftext|>
W	Do your parents both have jobs?<|endoftext|>
W	Do you have any female friends?<|endoftext|>
W	Do we choose what were attracted to?<|endoftext|>
W	Do you have any pics from that concert you mention?<|endoftext|>
W	Do you have any shots with friends?<|endoftext|>
W	Do you live in an area that is rife with violence?<|endoftext|>
W	Do you want your future children growing up thinking thats how relationships are?<|endoftext|>
W	Do you really want to sign on with someone who is deliberately wrecking their body and whom youll have to be caretaker to?<|endoftext|>
W	Did you even read what I wrote?<|endoftext|>
W	Was I just some kind of one-night writing stand to you?<|endoftext|>
W	isnt a great place to stop because the next question is Okay, how?<|endoftext|>
W	Do you two share mutual friends?<|endoftext|>
W	Do you do that in the city?<|endoftext|>
W	Are you certain you want to marry him?<|endoftext|>
W	Do you have any friends who are girls that youre not interested in dating?<|endoftext|>
W	Did your surgeon give you a speech on the risks involved?<|endoftext|>
W	Do you have the right to tell your mom about your boyfriend sex life?<|endoftext|>
W	Are you volunteering to do something that you can actually, well, do?<|endoftext|>
W	Did your infection spread to your middle/inner ear?<|endoftext|>
W	Do you not spay and neuter your pets?<|endoftext|>
W	Do you actually want to help your friend?<|endoftext|>
W	Dont need a car in college?<|endoftext|>
W	Did you not read what I put?<|endoftext|>
W	Are you planning on never drinking ever?<|endoftext|>
W	Does that mean Im faking my life?<|endoftext|>
W	Do you have any advice on earrings?<|endoftext|>
W	Is an average guy considered creepy?<|endoftext|>
W	Is picturing the Quran a real safety concern?<|endoftext|>
W	Are you actually trying to state that people cant be intersex?<|endoftext|>
W	Are you aware that not everyone can do that?<|endoftext|>
W	Do you think once a cheat always a cheat?<|endoftext|>
W	Do you understand the difference between a few isolated events, and a national epidemic of offenses?<|endoftext|>
W	Do you grow the aloe yourself too?<|endoftext|>
W	Did we not also invent the Internet?<|endoftext|>
W	Do you find that you are really self critical?<|endoftext|>
W	Do you know anyone in the industry?<|endoftext|>
W	Does your list have a set schedule to help curb that sense of being overwhelmed?<|endoftext|>
W	Did you even read my post?<|endoftext|>
W	Are you typically quite a patient person/not very emotionally reactive?<|endoftext|>
W	Do you really want to bring children into the mix with this?<|endoftext|>
W	Do you know why that is?<|endoftext|>
W	Are people that concerned if everyone saw their fwd: fwd: fwd: re: funny cats?<|endoftext|>
W	Was your name on that college fund?<|endoftext|>
W	Do you plan on holding an in-game ceremony?<|endoftext|>
W	is your twin sister gay, also?<|endoftext|>
W	Do you honestly think I dont eat?<|endoftext|>
W	Did Nicole and Haydens showmance kinda peter out?<|endoftext|>
W	Do you have any plans to move out in the near future?<|endoftext|>
W	Does the cold feel unpleasant during the winter?<|endoftext|>
W	Do men not realize that push up bras are a thing?<|endoftext|>
W	Is having an opinion an exclusive left wing privilege?<|endoftext|>
W	Isnt that apparently just a Japanese thing, though?<|endoftext|>
W	Do you have any photos of him?<|endoftext|>
W	Are you suggesting that people who are married dont have sex lol?<|endoftext|>
W	Are you kidding me right now?<|endoftext|>
W	Does yours have a sponge in the top lid?<|endoftext|>
W	Do you mean the op maybe?<|endoftext|>
W	Is your husbands psychiatrist aware of his past intrusive thoughts?<|endoftext|>
W	Do you mind my asking:  What is your fantasy?<|endoftext|>
W	Do you have PTSD *because* of your relationship with your boyfriend?<|endoftext|>
W	Is Veigar getting nuked down because hes standing in front during team fights?<|endoftext|>
W	Did you even read my post??<|endoftext|>
W	Are you doing weight lifting at all?<|endoftext|>
W	Are you okay with that dynamic?<|endoftext|>
W	Do you want to be a cop?<|endoftext|>
W	Do you mean salaried as in tenured?<|endoftext|>
W	Did anyone else just read that??<|endoftext|>
W	Doesnt that kind of mean the dogs baseline personality isnt wonderful?<|endoftext|>
W	Do the shifting egg tiers itself change your odds to obtain a certain pok√©mon?<|endoftext|>
W	Do you think Israel has the right to keep Palestinians locked up, deprived of basic life necessities and take land that was given to them?<|endoftext|>
W	Should we all just lock ourselves in our rooms and never leave?<|endoftext|>
W	Are you an only child, by any chance?<|endoftext|>
W	Did you go to the Reddit meetup?<|endoftext|>
W	Did you know that the ability to grow long hair is a gene?<|endoftext|>
W	Does anybody have any recommendatons on types of video equipment?<|endoftext|>
W	Do guys who grow up watching boobs on television still get excited over commercials like this?<|endoftext|>
W	Do you want to come over and make out on my couch?<|endoftext|>
W	Do you have any conversation starters I could use to get the ball rolling?<|endoftext|>
W	Do you have a very round shaped nose?<|endoftext|>
W	Are the two of you in counselling at all?<|endoftext|>
W	Are you smiling in any of your photos?<|endoftext|>
W	Are you one of those who apparently dont think its repugnant?<|endoftext|>
W	Did you even read the article???<|endoftext|>
W	Do you also live in St. Johns?<|endoftext|>
W	Is everything with his job okay?<|endoftext|>
W	Do you go to church events a lot, OP?<|endoftext|>
W	Are you running the apple version?<|endoftext|>
W	Isnt the condition not persistent after transition though?<|endoftext|>
W	Is All Your Base still funny?<|endoftext|>
W	Do people really feel its a racial law?<|endoftext|>
W	Did trigger ever do a shounen?<|endoftext|>
W	Didnt you just post about this?<|endoftext|>
W	Do none of you people understand the concept of growers vs. showers?<|endoftext|>
W	Does anything happen if I lose at my gym?<|endoftext|>
W	Was ist denn mit dem Rest?<|endoftext|>
W	Do we really need a sign to say this?<|endoftext|>
W	Do you mean vacation like summer vacation from school?<|endoftext|>
W	Did you sleep with jony 6 months ago?<|endoftext|>
W	Do you really need to keep commenting that to people?<|endoftext|>
W	Do your grandparents know *why* you fought and what your parents have been doing?<|endoftext|>
W	Did you not have some basic research skills course in high school at least?<|endoftext|>
W	Do you really think that every single woman is weaker than every single man?<|endoftext|>
W	Do you want a baby right now?<|endoftext|>
W	Did you hit the nerve in your elbow?<|endoftext|>
W	Are you sure hes even clean?<|endoftext|>
W	Did you read the very next sentence I wrote?<|endoftext|>
W	Is your manhood threatened by a young child being girly?<|endoftext|>
W	Do you have any relatives that can help you out?<|endoftext|>
W	Doesnt the insurance pay that though, not his mom?<|endoftext|>
W	Do you realise how scary the intense pro-america mantra is?<|endoftext|>
W	Do you have lingering side effects of your time you spent using?<|endoftext|>
W	Are you still at home with parents?<|endoftext|>
W	Are you incapable of dividing by 12?<|endoftext|>
W	Do you think I dont deserve my job, because I use marijuana daily?<|endoftext|>
W	Did we actually see Z tell Paulie that?<|endoftext|>
W	Are you seriously that fucking retarded!?<|endoftext|>
W	Do you have a lot of tattoos and a missing pinky?<|endoftext|>
W	Should we throw monogamy out the window?<|endoftext|>
W	Did I mention that my best friend is in technical theater?<|endoftext|>
W	Is bisexuality in general your deal breaker?<|endoftext|>
W	Did you read the OP at all?<|endoftext|>
W	Do you have any female cousins?<|endoftext|>
W	Does your culture have any tampon stigma?<|endoftext|>
W	Do you realize theyre supposed to have a smell, right?<|endoftext|>
W	Do you have Protect (from Conjurer) cross-classed then (since AST is your first healer)?<|endoftext|>
W	Did you know that the slow-mo theme is based on a Justin Beiber song slowed down?<|endoftext|>
W	Do you have the Matt Hughes best of?<|endoftext|>
W	Did you lie about your ages?<|endoftext|>
W	Do you wear makeup with your heels?<|endoftext|>
W	Is your first statement regarding the comment on spelling?<|endoftext|>
W	Does reddit not like the idea violence might be a little dangerous?<|endoftext|>
W	Is the brown wristband associated with a charitable cause?<|endoftext|>
W	Do you like Harry Potter, too?<|endoftext|>
W	Did you not see the suicide note?<|endoftext|>
W	Do you think toddlers weigh 80+ pounds?<|endoftext|>
W	Do you go out on dates?<|endoftext|>
W	Are you going off to college?<|endoftext|>
W	Did I have some standards about career and finances when I was single?<|endoftext|>
W	Do you actually know the scene that Im talking about?<|endoftext|>
W	Is one person on Tumblr who has some crazy ideas an indictment of feminism?<|endoftext|>
W	Do you know some guys with that haircut already?<|endoftext|>
W	Do you only talk about running?<|endoftext|>
W	do you think hes receptive to going back to counselling?<|endoftext|>
W	Did you at least get a hit in?<|endoftext|>
W	Did your birth control situation change?<|endoftext|>
W	Do you want to be invited?<|endoftext|>
W	Did you just go to your clinic and ask?<|endoftext|>
W	Dont you wanna know why you did what you did?<|endoftext|>
W	Do you ever think youll explain to your parents how you actually feel about your sexuality?<|endoftext|>
W	Did you read the second link?<|endoftext|>
W	Do you live with these people?<|endoftext|>
W	Do people STILL talk like that???<|endoftext|>
W	Dont you have a Cecil Rhodes doll to fellate?<|endoftext|>
W	Do you do anything else with the rice?<|endoftext|>
W	Did I miss some info telling us how old the puppy will be when shes taken home?<|endoftext|>
W	Do you have a family friend that could almost take on the role of grandparent/aunt/uncle?<|endoftext|>
W	Do you think kittens and puppies are cute?<|endoftext|>
W	Was that supposed to be the distraction?<|endoftext|>
W	Do people really care about that?<|endoftext|>
W	Is the situation a little silly?<|endoftext|>
W	Do you have legit sources about the cancer risk ?<|endoftext|>
W	Are you generally not able to guess male/female at all when you look at people?<|endoftext|>
W	Do yall not have crazy people who like to steal babies?<|endoftext|>
W	Do you really want to be with someone who doesnt respect you enough to just be honest?<|endoftext|>
W	Are you interested in getting married?<|endoftext|>
W	Do people really care that you game?<|endoftext|>
W	Did you get that impression at all?<|endoftext|>
W	Is not wanting pot to be stashed in the vent really such an unreasonable expectation?<|endoftext|>
W	Do you have access to your checking account (you mentioned you didnt have credit cards)?<|endoftext|>
W	Do you really feel like you need to go to college now?<|endoftext|>
W	Do you feel a connection to any place halfway between your families?<|endoftext|>
W	Do you have a flat stomach as well?<|endoftext|>
W	Are you actually saying that all medicine is scientifically proven with science?<|endoftext|>
W	Are you obligated to stay connected to the violinist because of your initial agreement?<|endoftext|>
W	Do you ever go to see live shows?<|endoftext|>
W	Do you have a representative clip?<|endoftext|>
W	Are you sure you trust me to not photoshop the heck out of my selfie?<|endoftext|>
W	Do we really want a system in which people are encourage to be misearable over getting on with life?<|endoftext|>
W	Do you want to kill yourself?<|endoftext|>
W	Do you have an allergy to punctuation, capitalization and spelling homophones properly?<|endoftext|>
W	Was your dad a WWII vet who believed his kid should blindly serve same as him?<|endoftext|>
W	Did you actually read the post?<|endoftext|>
W	Did you hear that Oxygen and Magnesium are dating?<|endoftext|>
W	Arent we sick of these jokes?<|endoftext|>
W	Dont you wish people would just take the hint?<|endoftext|>
W	Dont spend the rest of your life wondering What if?<|endoftext|>
W	do you *have* to have so many stones?<|endoftext|>
W	Does anyone know what addon is showing the x mobs until you level up though?<|endoftext|>
W	Do you get significantly smaller in the waist than around your chest/shoulders and hips?<|endoftext|>
W	Did you just...deliberately cut off the end of the paragraph from that source?<|endoftext|>
W	Do you live in my building?<|endoftext|>
W	Do you really never have to get through a day with someone you dislike?<|endoftext|>
W	Did you initiate any conversation with the girl in question??<|endoftext|>
W	Do you think things could improve if I werent vegan..?<|endoftext|>
W	Did you respond to that text already?<|endoftext|>
W	Do guys do that kind of thing?<|endoftext|>
W	Does that mean Ontario should separate?<|endoftext|>
W	Do you believe in empathy and altruism?<|endoftext|>
W	Do you have an nice scar of concentric circles?<|endoftext|>
W	Does vaginal sex feel any different from anal to you guys?<|endoftext|>
W	Does anyone know if these napkins are of the same design as Western ones?<|endoftext|>
W	Do you think the cheese cloth hold against the bones and the boiling?<|endoftext|>
W	Did you even watch that video?<|endoftext|>
