W	Are those reasons deep and trust based or superficial and changeable?<|endoftext|>
W	Is the blood from the pads/liners/tampons visible?<|endoftext|>
W	Do you know what I was thinking about each pregnancy?<|endoftext|>
W	Doesnt that make you feel sexy?<|endoftext|>
W	Are you going to let those kids die because youre afraid of rocking the boat?<|endoftext|>
W	Does your son have a job?<|endoftext|>
W	Do you think only women care about weddings?<|endoftext|>
W	Are women let in but then not taken seriously, or as seriously as their male counterparts?<|endoftext|>
W	Do you guys not understand how readily available sex is to attractive women?<|endoftext|>
W	Do you take medication for it?<|endoftext|>
W	Should everything just be split equally?<|endoftext|>
W	Did we get rid of THAT dog though?<|endoftext|>
W	Do you not live in the same reality as the rest of us?<|endoftext|>
W	Did you even watch that show?<|endoftext|>
W	Are you prepared to cut some of your classes and the majority of your social life?<|endoftext|>
W	Do you see how ridiculous that seems?<|endoftext|>
W	Do you not see how silly the double standard you are presenting is?<|endoftext|>
W	Do you really think that kids only learn about sex from their parents?<|endoftext|>
W	Does that sound like someone willing to compromise and discuss it?<|endoftext|>
W	Are you prepared to go your entire life without the financial and social security of a legal marriage?<|endoftext|>
W	Are you suggesting teenage girls wear a pad or a tampon 24/7 just in case?<|endoftext|>
W	Do you allow your dog on the couch/bed when hes not around?<|endoftext|>
W	Are you okay with being spanked when you act or say things your husband thinks is disrupting the relationship?<|endoftext|>
W	Dont you think youve put in enough time?<|endoftext|>
W	Does divorce have to screw you over financially?<|endoftext|>
W	Do you all get all huffy if the characters think about their feet hurting?<|endoftext|>
W	Are you doing anything about your depression?<|endoftext|>
W	Do you have a lot of carpet?<|endoftext|>
W	does your husband want to have a threesome?<|endoftext|>
W	Do you really think women sleep with men because theyre all paying us, thanks to an underground game you werent invited to?<|endoftext|>
W	Should we eliminate the armed services based solely on that?<|endoftext|>
W	Are you ready to gamble with that?<|endoftext|>
W	Did OP mean something similar with his joke?<|endoftext|>
W	Do you think people are rich?<|endoftext|>
W	Do you have access to couples counseling?<|endoftext|>
W	Do we even know who won?<|endoftext|>
W	Do dads teach sons how to attract women?<|endoftext|>
W	Are his actions the actions of someone who loves you?<|endoftext|>
W	Do you have pictures of the ruined things and pictures to prove infestation?<|endoftext|>
W	Does you both even know what the legal definition of marriage is?<|endoftext|>
W	Do the bills still get paid on time?<|endoftext|>
W	Do I love thinking about it?<|endoftext|>
W	Are you adopting or kidnapping or something else?<|endoftext|>
W	Did anyone catch what Nicole & Michelle were saying after?<|endoftext|>
W	Is my outrage enough for you?<|endoftext|>
W	Are you a more open person?<|endoftext|>
W	Do you react if you touch a banana?<|endoftext|>
W	Does divorce count if i mainly lived with 1 parent?<|endoftext|>
W	Do you know what a safe word is?<|endoftext|>
W	Did you have nephew visit you at all, before moving in?<|endoftext|>
W	Dont people grow out of that by, like, gradeschool?<|endoftext|>
W	Is your problem that you cant get anyone to date you, or that you cant maintain a long-term relationship?<|endoftext|>
W	Are you so innocent yourself that youve never hurt someone close to you before?<|endoftext|>
W	Are you... trying to convert me?<|endoftext|>
W	Do you guys have baby carriers?<|endoftext|>
W	Did I act on that and basically burn a solid relationship to the ground?<|endoftext|>
W	Does your school have a clinic?<|endoftext|>
W	Do you want any advice as to getting into HR?<|endoftext|>
W	Do you come to events like these often?<|endoftext|>
W	Are you OK with these different scenarios?<|endoftext|>
W	Do you want to be in the same place in ten years?<|endoftext|>
W	Did no one in the wedding party consider how awkward that would be for the family?<|endoftext|>
W	Did my period just start in class?<|endoftext|>
W	Do you just tell the vet your cats name is cat?<|endoftext|>
W	Do you know potentially what that could be?<|endoftext|>
W	Do you have any friends who will let you couch-surf?<|endoftext|>
W	Dont you think things would have turned out differently in that case?<|endoftext|>
W	Are you sure you didnt have any ulterior motive?<|endoftext|>
W	Dont you want a similar relationship?<|endoftext|>
W	Do you really want to be with someone who doesnt care what you think or feel?<|endoftext|>
W	Is sleeping with a married man good?<|endoftext|>
W	Are you willing to split a different percentage of the hotel bill (60/40)?<|endoftext|>
W	Do you remember that thing you said on your wedding day?<|endoftext|>
W	Is the dog emaciated, being hit, chained up outside in the elements, or being left with untreated injuries?<|endoftext|>
W	Does the rest of the family know you yet?<|endoftext|>
W	Do you know anyone whos actually successfully *done* what youre talking about?<|endoftext|>
W	Do OCD people want to wash their hands exactly 32 times a day?<|endoftext|>
W	Did I mention that my mom brought the dog?<|endoftext|>
W	Do you have any family or friend to whose home you could move or who could temporarily move in with you in your home to emotionally support you through this?<|endoftext|>
W	Do you want to have kids with someone that will have freak outs like this?<|endoftext|>
W	Do you mind if i ask what places youve lived in?<|endoftext|>
W	Is your daughter also allergic to banana products, like banana bread?<|endoftext|>
W	Did you even read the website?<|endoftext|>
W	Do you smoke pot alone or with people you trust?<|endoftext|>
W	Did I mention Im also one of the shortest people in my family?<|endoftext|>
W	Do you see how you phrased this?<|endoftext|>
W	Is VS really considered to be that bad?<|endoftext|>
W	Do you mean something like that?<|endoftext|>
W	Are you sure youre not focusing on his eating habits in an attempt to feel in control of something or as a partial substitute for your eating disorder?<|endoftext|>
W	Did I have hallucinations that night due to fatigue and hunger?<|endoftext|>
W	Are you able to take a break?<|endoftext|>
W	Did I get all that right?<|endoftext|>
W	Is holding a grudge against your sister worth hurting the relationship with your parents?<|endoftext|>
W	Do you fear walking down the street at night because you might get rapped and have to keep the baby in a state were abortion is illegal and the rapist has legal rights to that child?<|endoftext|>
W	Are you under the impression that breast milk or formula is not vegan?<|endoftext|>
W	Do you not see that as condescending?<|endoftext|>
W	Do I look fatter than a few days ago?<|endoftext|>
W	Do you think its just too abnormal of a situation?<|endoftext|>
W	Do you happen to have any research to back up your opinions on women being slower at the same manual labor?<|endoftext|>
W	Is your relationship with your family one of your main values?<|endoftext|>
W	Are men, on a whole, not interested in teaching small children?<|endoftext|>
W	Do men dig that or did women just self impose that onto themselves?<|endoftext|>
W	Do you know if Ben is home yet??<|endoftext|>
W	Do your health services treat depression and anxiety?<|endoftext|>
W	Does a clump of cells deserve more than a living breathing woman?<|endoftext|>
W	Are you working or going to school?<|endoftext|>
W	Do all guys who want a MFF threesome already have a woman picked out too?<|endoftext|>
W	Do you have kids of your own?<|endoftext|>
W	Are these to be treated as natural deaths?<|endoftext|>
W	Does your SO have family or a close friend that would take Cat 2 in?<|endoftext|>
W	Do you understand what I am saying?<|endoftext|>
W	Did you know fast food drive thrus are on a timer?<|endoftext|>
W	Do you by chance need really intense physical stimulation to orgasm?<|endoftext|>
W	Is any of that going to change in the next 2 years?<|endoftext|>
W	do you think these are unreasonable deal breakers?<|endoftext|>
W	Are you sure youre dating a 29 year old woman and not a toddler?<|endoftext|>
W	Do you think you might be struggling with depression or something else?<|endoftext|>
W	Do you know why no amount of disputable studies on IQ will ever affect my own self worth as a woman?<|endoftext|>
W	Do you mean on the shaft beheath the head or on the underside of the head itself like these penile papules?<|endoftext|>
W	Do you lock your car or your home at night?<|endoftext|>
W	Do these parents even truly understand what ASD *is*?<|endoftext|>
W	Was Alex close at all with your ex?<|endoftext|>
W	Doesnt everyone realize that last week Frankie waffled a lot?<|endoftext|>
W	Does that have alcohol in it?<|endoftext|>
W	Isnt that why its called standard?<|endoftext|>
W	Isnt that the best feeling ever?<|endoftext|>
W	Are you really going to keep whining that old people are dumb?<|endoftext|>
W	Do you really not see why?<|endoftext|>
W	Are you able to stay with family or friends?<|endoftext|>
W	Does your husband know the difference between a healthy, happy competitiveness and an unhealthy obsession with winning?<|endoftext|>
W	Does that help to clarify mattes?<|endoftext|>
W	Do you not foresee any large scale societal issues with consequence free sex for all men?<|endoftext|>
W	Are you talking about just yourself?<|endoftext|>
W	Did I think of my boyfriend every time?<|endoftext|>
W	Do you have any idea how absolutely awful and soul-crushing and destructive an emotionally abusive relationship can be?<|endoftext|>
W	Do you have any ideas on how I can embark on a path to contributing to making womens reproductive health easier?<|endoftext|>
W	Do you even know hes telling the truth about his fancy foreign job?<|endoftext|>
W	Did you know that you smelled?<|endoftext|>
W	Do you have a plan for getting to the hospital in the middle of the night if an emergency arises?<|endoftext|>
W	Does your garage have any windows that could be busted open and climbed through?<|endoftext|>
W	Did you ever hear the advice on how to give feedback in a professional environment?<|endoftext|>
W	Isnt that the point of the sub?<|endoftext|>
W	Are you saying that you only want to seriously date/feel an emotional connection with the people who reject you?<|endoftext|>
W	Are you on birth control or depressants?<|endoftext|>
W	Do you have any data from NZ that shows the percentage of women with children who work?<|endoftext|>
W	Are you finding guys that actually want that?<|endoftext|>
W	Is Tyrion a weak, poorly written character?<|endoftext|>
W	Does air escape one or both eyes at the tear duct area?<|endoftext|>
W	Are these to be treated as natural deaths?<|endoftext|>
W	Is your girlfriend actually seeing anyone else?<|endoftext|>
W	Dont we all have little reminders of our losses?<|endoftext|>
W	Should we throw that out since its been used by some to do harm, or should we celebrate the love involved and crack down on individual cases of oppression?<|endoftext|>
W	Do doctors in ER can really refuse to see/examine you?<|endoftext|>
W	Did your vet do an aspirate the first time?<|endoftext|>
W	Did your dads have a special female friend or aunt for you to talk to about adolescence, fashion, makeup, boys, bullying by girl cliques, sex, etc as you were growing up?<|endoftext|>
W	Do we think Tiff has a crush on Paulie?<|endoftext|>
W	Do you get the opportunity to put your own Pokémon in and kick the weakest out?<|endoftext|>
W	Is his dad paying all the rent or something?<|endoftext|>
W	Is acknowledging that conception is possible the equivalent of consent to  keeping a pregnancy?<|endoftext|>
W	Do you have any female friends through work?<|endoftext|>
W	Are you sure people arent just saying the guests dashed and then pocketing the cash?<|endoftext|>
W	Are cats likely to eat these pellets?<|endoftext|>
W	Do you really think its fair to the kid to have to go without stuff that is considered pretty standard for most middle class kids and was a part of their life before the divorce just because mom and dad broke up?<|endoftext|>
W	Was Trump getting strategic advice from Hannity?<|endoftext|>
W	Do you want to repair a relationship or rehabilitate a person?<|endoftext|>
W	Do you think men take the I love yous a bit more seriously then women?<|endoftext|>
W	Do you have any published research to back that up?<|endoftext|>
W	Does a lot of food go to waste?<|endoftext|>
W	Are yall in to fart terrorism?<|endoftext|>
W	Are you honestly trying to say that the media is over-reporting mass rapes, molestation of children, bombings, shootings, machete attacks, the murder of priests and so on?<|endoftext|>
W	Are you on your period or something?<|endoftext|>
W	Does your assistant have separate hotel reservations?<|endoftext|>
W	Are you referring to the closeness you feel with your sex partner, or just the obvious butt stuff?<|endoftext|>
W	Dont you have to read for school purposes?<|endoftext|>
W	Do I see a romantic situation developing with any of these guys?<|endoftext|>
W	Are you sure you werent dating my ex?<|endoftext|>
W	Do you take many breaks, to add some rhythm to your day?<|endoftext|>
W	Do I have too much faith in teenage boys morality?<|endoftext|>
W	Do you two not realize that most vegetarians choose to be so for health reasons, not ethical?<|endoftext|>
W	Do you want to change or do you just feel like you have to change because of your friends/family telling you to?<|endoftext|>
W	Did you read the article you linked?<|endoftext|>
W	Do you feel you speak for most people in prison?<|endoftext|>
W	Is Princess a term of endearment for you two?<|endoftext|>
W	Isnt Nasty Gal one of those online stores central to China that sells extremely cheap, poorly-sized clothing and accessories?<|endoftext|>
W	Are you using big girl bras now?<|endoftext|>
W	Do you know what guys are thinking when theyre eating you out?<|endoftext|>
W	Are Christians being misunderstood and prejudged?<|endoftext|>
W	Do we believe that Day is gonna try to protect Tiff?<|endoftext|>
W	Do you have the rest of the vulva, too?<|endoftext|>
W	Is your birthday or anniversary coming up?<|endoftext|>
W	Do you know what I did?<|endoftext|>
W	Are you planning on any kind of training course?<|endoftext|>
W	Did you not read what I said?<|endoftext|>
W	Is anyone at all actually interested, though?<|endoftext|>
W	Are you just someone who stays at home and does nothing?<|endoftext|>
W	Is your husband bonded with his kid?<|endoftext|>
W	Do you like having yours longer?<|endoftext|>
W	Is your bouvier got erect ears or floppy ears?<|endoftext|>
W	Did you ever resent your parents for adopting them?<|endoftext|>
W	Is touching a person at a club or party on the arm or leg, without force for a few seconds, illegal?<|endoftext|>
W	Do I think its a death knell for your relationship?<|endoftext|>
W	Do special rooms in a hotel operate differently?<|endoftext|>
W	Do you tend to stay pale?<|endoftext|>
W	Did I say, dont understand rules?<|endoftext|>
W	Are you a woman under the age of 40?<|endoftext|>
W	Are you telling me that you havent taken the time to support your home team since graduating?<|endoftext|>
W	Isnt the whole point of feminism that we, as women, get to do what we like with ourselves?<|endoftext|>
W	Do you know any six year olds?<|endoftext|>
W	Are geckos typically hard to handtame?<|endoftext|>
W	Is your husband named Raymond and does everybody love him?<|endoftext|>
W	Is Day lying about Tiff liking Paulie?<|endoftext|>
W	Do you not love your boyfriend anymore?<|endoftext|>
W	Do you feel confident while youre with your dates?<|endoftext|>
W	Do I regret not partying in high school?<|endoftext|>
W	Do you really think that R U goin 2 the movies sounds no less intelligent than Are you going to the movies?<|endoftext|>
W	Do you guys like when girls like, fondle your balls when giving hand/blowjobs?<|endoftext|>
W	Are women *really* that much of a pain to have sex with?<|endoftext|>
W	Are you two of the same ethnicity?<|endoftext|>
W	Is having a GR puppy really so important to you that youd prefer to support a breeder instead of adopting an unwanted/unloved dog from a shelter?<|endoftext|>
W	Are you asking how a woman can be raped?<|endoftext|>
W	Did you move to a smaller city post-grad?<|endoftext|>
W	Do I post photos of my food to social media every time I have a snack?<|endoftext|>
W	Are episodes like that regular for you?<|endoftext|>
W	Are you thinking that Im under the impression that Ive gotten fluoride out of my diet completely?<|endoftext|>
W	Do you want to date guys who are exactly the same age as you?<|endoftext|>
W	Did you really ever see a future with him?<|endoftext|>
W	Do you get a tourist visa agreement with the EU?<|endoftext|>
W	Do you ever talk to them?<|endoftext|>
W	Are you sure youre not really worried about being separated from/having less contact your awesome best friend when you go relocate for school?<|endoftext|>
W	Are you embarrassed you said that out loud?<|endoftext|>
W	Are doing dungeons over and over again the best way to do this?<|endoftext|>
W	Are false accusations of rape a problem?<|endoftext|>
W	Is your endpoint that we should be on single payer?<|endoftext|>
W	Are you a guy or a girl?<|endoftext|>
W	Doesnt that mean that the reaction is greater too not equal?<|endoftext|>
W	Do you have someone you can call?<|endoftext|>
W	Was the handjob to completion or just for the sake of photos?<|endoftext|>
W	Are you seeing any non-verbal language in the comics?<|endoftext|>
W	Are you completely ignorant of history?<|endoftext|>
W	Do you know how much business at the executive levels is actually done over dinner and drinks?<|endoftext|>
W	Do you know anyone in the US?<|endoftext|>
W	Is the blame being cast on Reddit for disseminating these conversations between police who were obviously just discussing possible suspects in the heat of the moment?<|endoftext|>
W	Did you know the federal government offers FAFSA?<|endoftext|>
W	Do you have any desire to work on your relationship with your girlfriend, or are you decided on separation?<|endoftext|>
W	Are you willing to live the rest of your life being a crutch?<|endoftext|>
W	Do you need breasts do have intercourse?<|endoftext|>
W	Do you know how many people FADE after 1-3 dates?<|endoftext|>
W	Do you really want to be with someone whose mind you have to change?<|endoftext|>
W	Do you find yourself being groped freely when you go to a concert?<|endoftext|>
W	Do you have a friend you can turn to?<|endoftext|>
W	Are you saying my feelings arent valid?<|endoftext|>
W	Do I even need an explanation?<|endoftext|>
W	Do you by chance have general trouble picking up on social cues?<|endoftext|>
W	Do you have to express a dogs anal glands?<|endoftext|>
W	Do the symptoms of borderline personality disorder sound familiar, by any chance?<|endoftext|>
W	Do you have a local food bank or homeless shelter?<|endoftext|>
W	Are we now all on the same page?<|endoftext|>
W	Are you certain you could birth a child and then give the baby away, or are you not sure youd choose adoption?<|endoftext|>
W	Didnt you have two dogs before your previous one passed away?<|endoftext|>
W	Did I mention I drive poorly?<|endoftext|>
W	Did you have to sit at a table and wait 30 mins before someone took your order or did you have to wait 30 mins to get seated?<|endoftext|>
W	Do lower level tanks not have AOE threat mechanics?<|endoftext|>
W	Do you guys have real chemistry?<|endoftext|>
W	Do you have a picture of yourself?<|endoftext|>
W	Did you wean off the Chantix or just stop cold turkey?<|endoftext|>
W	Did you talk to these people in real life?<|endoftext|>
W	Do you really want to stay with someone who is going to lie to your face, refuse to take responsibility for his actions and then try to spin the story?<|endoftext|>
W	Arent most people on reddit likely to be fat, at least statistically [serious]?<|endoftext|>
W	Do you want to read fiction or nonfiction?<|endoftext|>
W	Did you find that your personal life was okay in spite of medical school?<|endoftext|>
W	Do you want your children to grow up thinking thats okay?<|endoftext|>
W	Are you with the Date My Mom guy or with your boyfriend you were with at the time?<|endoftext|>
W	Do you think you and your boyfriend will ever have kids?<|endoftext|>
W	Are all you young kids the ones downvoting me?<|endoftext|>
W	Wasnt the medic only on TV?<|endoftext|>
W	Is a group text really worth fighting over?<|endoftext|>
W	Are you deliberately trying to miss my point?<|endoftext|>
W	Dont you think that was more a politeness thing?<|endoftext|>
W	Does anyone notice a huge gap between reddit and real life sometimes?<|endoftext|>
W	Did you ever wonder why David was accusing you of such an absurd thing?<|endoftext|>
W	Do you know the website Texts from Last Night?<|endoftext|>
W	Are you okay with the potential of an emergency happening and you both ending up homeless?<|endoftext|>
W	Are you looking for a relationship or just casual sex?<|endoftext|>
W	Are you scared of being a single mom?<|endoftext|>
W	Does that mean I can never hang out with any of my friends one on one til late in the night?<|endoftext|>
W	Do I just need to wait a bit for a human to take a look at it, or is the rephrasing also considered inappropriate for ELI5?<|endoftext|>
W	Do you have to take classes with him?<|endoftext|>
W	Are you doing okay and being treated properly?<|endoftext|>
W	Do I require presents from my best friends on my birthday?<|endoftext|>
W	Do you even know anything about sexual reproduction?<|endoftext|>
W	Shouldnt we all be fighting for federal minimum care standards for prisoners?<|endoftext|>
W	Are you really that self-absorbed that you think every single guy in the world is trying to fuck you?<|endoftext|>
W	Was Reddit management contemptuous of Victoria?<|endoftext|>
W	Do you have any special occasions coming up?<|endoftext|>
W	Do you not want more kids?<|endoftext|>
W	Is doggy less strenuous on yall than missionary?<|endoftext|>
W	Do your parents both have jobs?<|endoftext|>
W	Is is still typical for the brides family to pay for the wedding, though?<|endoftext|>
W	Do you have any female friends?<|endoftext|>
W	Does just a Victorias Secret short slip count as naked?<|endoftext|>
W	Do you have any theories as to why girls are less likely to develop (or at the very least demonstrate) it?<|endoftext|>
W	Do we choose what were attracted to?<|endoftext|>
W	Do you have any pics from that concert you mention?<|endoftext|>
W	Do you have any shots with friends?<|endoftext|>
W	Do you live in an area that is rife with violence?<|endoftext|>
W	Do you want your future children growing up thinking thats how relationships are?<|endoftext|>
W	Do you really want to sign on with someone who is deliberately wrecking their body and whom youll have to be caretaker to?<|endoftext|>
W	Do you happen to know of any sports bras for very large cup sizes (my usual size is 36GG) that actually lie flat against the breastbone?<|endoftext|>
W	Did you even read what I wrote?<|endoftext|>
W	Was I just some kind of one-night writing stand to you?<|endoftext|>
W	Do you really want to live in a world without doctors, pharmacists, seismologists, engineers, pilots, or anyone else who has to make educated (but necessarily imperfect) estimates to keep people safe?<|endoftext|>
W	Do you work in the US?<|endoftext|>
W	Are you planning to move out for college/university?<|endoftext|>
W	isnt a great place to stop because the next question is Okay, how?<|endoftext|>
W	Do you two share mutual friends?<|endoftext|>
W	Do you do that in the city?<|endoftext|>
W	Are you certain you want to marry him?<|endoftext|>
W	Do you have any friends who are girls that youre not interested in dating?<|endoftext|>
W	Did your surgeon give you a speech on the risks involved?<|endoftext|>
W	Do you have the right to tell your mom about your boyfriend sex life?<|endoftext|>
W	Are you volunteering to do something that you can actually, well, do?<|endoftext|>
W	Did your infection spread to your middle/inner ear?<|endoftext|>
W	Do you not spay and neuter your pets?<|endoftext|>
W	Do you actually want to help your friend?<|endoftext|>
W	Do you think thats what Quaithes prophecy is really about or do you think that Dany will be misunderstanding it?<|endoftext|>
W	Dont need a car in college?<|endoftext|>
W	Did you not read what I put?<|endoftext|>
W	Are you planning on never drinking ever?<|endoftext|>
W	Do you have a problem with amateur porn?<|endoftext|>
W	Does that mean Im faking my life?<|endoftext|>
W	Are you actually considering marriage or just batting around the idea?<|endoftext|>
W	Does that seem to more or less cover it?<|endoftext|>
W	Do you have any advice on earrings?<|endoftext|>
W	Is an average guy considered creepy?<|endoftext|>
W	Is picturing the Quran a real safety concern?<|endoftext|>
W	Are you getting treatment for your issues?<|endoftext|>
W	Are you actually trying to state that people cant be intersex?<|endoftext|>
W	Are you aware that not everyone can do that?<|endoftext|>
W	Do you think once a cheat always a cheat?<|endoftext|>
W	Do you have any articles/ experiences/ stories/ resources that could help me learn more about the way that different cultures deal with death?<|endoftext|>
W	Do you understand the difference between a few isolated events, and a national epidemic of offenses?<|endoftext|>
W	Do you grow the aloe yourself too?<|endoftext|>
W	Did you think we were just chillin in the lab all day for the past two weeks?<|endoftext|>
W	Did we not also invent the Internet?<|endoftext|>
W	Do you find that you are really self critical?<|endoftext|>
W	Do you know anyone in the industry?<|endoftext|>
W	Does your list have a set schedule to help curb that sense of being overwhelmed?<|endoftext|>
W	Did you even read my post?<|endoftext|>
W	Are you typically quite a patient person/not very emotionally reactive?<|endoftext|>
W	Do you really want to bring children into the mix with this?<|endoftext|>
W	Do you know why that is?<|endoftext|>
W	Are people that concerned if everyone saw their fwd: fwd: fwd: re: funny cats?<|endoftext|>
W	Do you ever make mistakes at work?<|endoftext|>
W	Was your name on that college fund?<|endoftext|>
W	Do you plan on holding an in-game ceremony?<|endoftext|>
W	is your twin sister gay, also?<|endoftext|>
W	Is your GF the bisexual queen bee of the nerd circle or what?<|endoftext|>
W	Is having a boyfriend that scary for you?<|endoftext|>
W	Does your bipolar disorder rise to the level of needing to be under constant supervision of a psychiatrist or enter inpatient mental health care on a regular basis?<|endoftext|>
W	Do you have an emergency fund that will cover the cost of deductibles if youre in an accident, your house is damaged in a storm, or your car is totaled?<|endoftext|>
W	Are you able to mow any lawns or babysit anyones children?<|endoftext|>
W	Do you honestly think I dont eat?<|endoftext|>
W	Did Nicole and Haydens showmance kinda peter out?<|endoftext|>
W	Does anyone have any recommendations for a good gamepad for use with emulators?<|endoftext|>
W	Are you sure its not just your social behavior, as opposed to your loudness?<|endoftext|>
W	Are you a big coffee or tea drinker?<|endoftext|>
W	Do you have any plans to move out in the near future?<|endoftext|>
W	Does the cold feel unpleasant during the winter?<|endoftext|>
W	Do men not realize that push up bras are a thing?<|endoftext|>
W	Is Nicole lying to Paulie or what?<|endoftext|>
W	Do you know if its okay (healthy) for girls to do that on a regular basis?<|endoftext|>
W	Are these people you had relationships with before?<|endoftext|>
W	Is having an opinion an exclusive left wing privilege?<|endoftext|>
W	Isnt that apparently just a Japanese thing, though?<|endoftext|>
W	Do you have any photos of him?<|endoftext|>
W	Is the partner a coward for ending the relationship and not standing by the person suffering from a mental illness?<|endoftext|>
W	Are you the child or the parent?<|endoftext|>
W	Are you suggesting that people who are married dont have sex lol?<|endoftext|>
W	Are you manufacturing entire drugs or just parts, what type of drugs, etc.?<|endoftext|>
W	Are you kidding me right now?<|endoftext|>
W	Does yours have a sponge in the top lid?<|endoftext|>
W	Do you mean the op maybe?<|endoftext|>
W	Arent labs like that really worst case scenario, though?<|endoftext|>
W	Is your husbands psychiatrist aware of his past intrusive thoughts?<|endoftext|>
W	Do you just dip the tomato in olive oil or what?<|endoftext|>
W	Should I be too worried about that?<|endoftext|>
W	Do I just, like, ARE YOU MY BOYFRIEND or something?<|endoftext|>
W	Do you mind my asking:  What is your fantasy?<|endoftext|>
W	Do you have PTSD *because* of your relationship with your boyfriend?<|endoftext|>
W	Do you get tired twisting yourself into pretzels in order to deliberately misportray what someone else is saying?<|endoftext|>
W	Dont you know how fucking horrible that is?<|endoftext|>
W	Is Veigar getting nuked down because hes standing in front during team fights?<|endoftext|>
W	Did you even read my post??<|endoftext|>
W	Are you doing weight lifting at all?<|endoftext|>
W	Are we supposed to magically know that youre different, even though youre exhibiting the same behavior?<|endoftext|>
W	Was the DRK or WAR tanking Faust?<|endoftext|>
W	Are you okay with that dynamic?<|endoftext|>
W	Do anorexic guys frequent these websites?<|endoftext|>
W	Do you want to be a cop?<|endoftext|>
W	Did you honestly just equate having more females in movies to having shittier movies?<|endoftext|>
W	Do you mean salaried as in tenured?<|endoftext|>
W	Dont you fear for your life?<|endoftext|>
W	Did anyone else just read that??<|endoftext|>
W	Doesnt that kind of mean the dogs baseline personality isnt wonderful?<|endoftext|>
W	Isnt Munchausens considered a mental disorder?<|endoftext|>
W	Do the shifting egg tiers itself change your odds to obtain a certain pokémon?<|endoftext|>
W	Are your kittens orange and stripy?<|endoftext|>
W	Do you have a tendency to go on and on about how miserable your life is, or how pointless everything is, etc?<|endoftext|>
W	Do you think Israel has the right to keep Palestinians locked up, deprived of basic life necessities and take land that was given to them?<|endoftext|>
W	Should we all just lock ourselves in our rooms and never leave?<|endoftext|>
W	Does New York have regional competitions as well?<|endoftext|>
W	Are you an only child, by any chance?<|endoftext|>
W	Do you really want to work things out with your husband or are you staying out of guilt or obligation?<|endoftext|>
W	Did you go to the Reddit meetup?<|endoftext|>
W	Are your siblings older or younger?<|endoftext|>
W	Did you know that the ability to grow long hair is a gene?<|endoftext|>
W	Does anybody have any recommendatons on types of video equipment?<|endoftext|>
W	Do guys who grow up watching boobs on television still get excited over commercials like this?<|endoftext|>
W	Do you actually have to get a degree in animation specifically, or does one get an art or comp sci degree instead?<|endoftext|>
W	Do you want to come over and make out on my couch?<|endoftext|>
W	Does anyone really want to feel like sex is a favor or gift?<|endoftext|>
W	Do you have any conversation starters I could use to get the ball rolling?<|endoftext|>
W	Do you have a very round shaped nose?<|endoftext|>
W	Are the two of you in counselling at all?<|endoftext|>
W	Are you smiling in any of your photos?<|endoftext|>
W	Are you one of those who apparently dont think its repugnant?<|endoftext|>
W	Did you even read the article???<|endoftext|>
W	Do you also live in St. Johns?<|endoftext|>
W	Is everything with his job okay?<|endoftext|>
W	Do you go to church events a lot, OP?<|endoftext|>
W	Are you the friend who is into movies and can appreciate the good horrors, the friend who likes bad movies to laugh at, or the friend who takes all scary movies seriously and thinks theyre all good?<|endoftext|>
W	Should I be able to force you to support my body with yours?<|endoftext|>
W	Are you running the apple version?<|endoftext|>
W	Isnt the condition not persistent after transition though?<|endoftext|>
W	Is All Your Base still funny?<|endoftext|>
W	Do people really feel its a racial law?<|endoftext|>
W	Did trigger ever do a shounen?<|endoftext|>
W	Do you work in TV, radio or print?<|endoftext|>
W	Did someone bring out the pitchforks?<|endoftext|>
W	Didnt you just post about this?<|endoftext|>
W	Do none of you people understand the concept of growers vs. showers?<|endoftext|>
W	Does anything happen if I lose at my gym?<|endoftext|>
W	Was ist denn mit dem Rest?<|endoftext|>
W	Do we really need a sign to say this?<|endoftext|>
W	Do you think that trans people dont pee or something?<|endoftext|>
W	Do you have any tips for that?<|endoftext|>
W	Do you mean vacation like summer vacation from school?<|endoftext|>
W	Did you sleep with jony 6 months ago?<|endoftext|>
W	Do you really need to keep commenting that to people?<|endoftext|>
W	Do your grandparents know *why* you fought and what your parents have been doing?<|endoftext|>
W	Did you not have some basic research skills course in high school at least?<|endoftext|>
W	Do you really think that every single woman is weaker than every single man?<|endoftext|>
W	Is your religion more important to you than enjoying your sex life with your husband?<|endoftext|>
W	Do you want a baby right now?<|endoftext|>
W	Are you looking for a man to rescue you?<|endoftext|>
W	Do orangutans exhibit the same sexual behaviour as female chimpanzees, who may let the juvenile males imitate mating with them?<|endoftext|>
W	Did you hit the nerve in your elbow?<|endoftext|>
W	Do you love that car more than people that you know?<|endoftext|>
W	Are you sure hes even clean?<|endoftext|>
W	Are you sure you dont have feelings for your friend?<|endoftext|>
W	Did you read the very next sentence I wrote?<|endoftext|>
W	Is your manhood threatened by a young child being girly?<|endoftext|>
W	Do you have any relatives that can help you out?<|endoftext|>
W	Doesnt the insurance pay that though, not his mom?<|endoftext|>
W	Are STDs for the good cause?<|endoftext|>
W	Do you have any formal training or did you teach yourself?<|endoftext|>
W	Do you realise how scary the intense pro-america mantra is?<|endoftext|>
W	Do you have lingering side effects of your time you spent using?<|endoftext|>
W	Do you want to be right, or do you want to be connected to your family?<|endoftext|>
W	Are you still at home with parents?<|endoftext|>
W	Are you incapable of dividing by 12?<|endoftext|>
W	Do you think I dont deserve my job, because I use marijuana daily?<|endoftext|>
W	Did we actually see Z tell Paulie that?<|endoftext|>
W	Do you feel that way towards Polyamorous people, homosexual people, asexual couples?<|endoftext|>
W	Does that sound like not being forced to you?<|endoftext|>
W	Did you want to put Top Gear on while we review our retirement portfolios?<|endoftext|>
W	Isnt owning horses like, the definition of elitism?<|endoftext|>
W	Are you seriously that fucking retarded!?<|endoftext|>
W	Do you have a lot of tattoos and a missing pinky?<|endoftext|>
W	Does the company you work for generally have a high-turnover rate?<|endoftext|>
W	Should we throw monogamy out the window?<|endoftext|>
W	Did I mention that my best friend is in technical theater?<|endoftext|>
W	Is bisexuality in general your deal breaker?<|endoftext|>
W	Did you read the OP at all?<|endoftext|>
W	Do you have any female cousins?<|endoftext|>
W	Are you saying the women asked for a sedative and then gave Bill permission to fuck their unconscious bodies?<|endoftext|>
W	Does your culture have any tampon stigma?<|endoftext|>
W	Do you feel pressure to perform?<|endoftext|>
W	Do you realize theyre supposed to have a smell, right?<|endoftext|>
W	Do you have Protect (from Conjurer) cross-classed then (since AST is your first healer)?<|endoftext|>
W	Did you know that the slow-mo theme is based on a Justin Beiber song slowed down?<|endoftext|>
W	Are people bored and trolling with these so and so won comments?<|endoftext|>
W	Do you have the Matt Hughes best of?<|endoftext|>
W	Did you lie about your ages?<|endoftext|>
W	Do you wear makeup with your heels?<|endoftext|>
W	Is your first statement regarding the comment on spelling?<|endoftext|>
W	Are you asking contributors to share questions that have only a lose-lose outcome no matter how theyre answered?<|endoftext|>
W	Does reddit not like the idea violence might be a little dangerous?<|endoftext|>
W	Dont you differentiate between your lover (which probably is tested bevor you exchange bodily fluids) and some random dude who can have various shit wrong with him?<|endoftext|>
W	Is the brown wristband associated with a charitable cause?<|endoftext|>
M	Do you want congress to actually be run by lobbyists?<|endoftext|>
M	Are you seriously trying to quote mine?<|endoftext|>
M	Does Karma still have that feel good vibe when you reverse the logic behind it?<|endoftext|>
M	Do you have the game fully updated?<|endoftext|>
M	Is basketball played professionally(fulltime paid players) in these countries?<|endoftext|>
M	Did you pay for your internet so you can post this?<|endoftext|>
M	Do you know what subreddit youre on?<|endoftext|>
M	Do we know for sure the current ranks are distributed evenly on a bell curve?<|endoftext|>
M	Do I have to take for granted that middle class white people are bigots?<|endoftext|>
M	Do you think the 90 million gun owners, owning over 300 million guns are going to roll over and die?<|endoftext|>
M	Do you understand how hypocritical that seems?<|endoftext|>
M	Do you also know that the interest was well below market rates?<|endoftext|>
M	Do you go to a strip joint for 6-bit lap dances?<|endoftext|>
M	Doesnt bitcoin require an internet connection?<|endoftext|>
M	Do you have any evidence of it, or are you just speculating to validate your belief?<|endoftext|>
M	Are you still doing Starting Strength?<|endoftext|>
M	Do you have access to a bulk meat place, or even Costco?<|endoftext|>
M	Are you sure that a simple displayport to DVI adapter wont work?<|endoftext|>
M	Do you think that a keeper, who trips the attacker when its one on one, is dishonest?<|endoftext|>
M	Do you have a Nexus device?<|endoftext|>
M	Did you even watch the video??<|endoftext|>
M	Doesnt that seem like a pretty generous margin of error for the state killing its own citizens?<|endoftext|>
M	Is the caps-locked part of your comment supposed to be the results-oriented people, who you do not agree with?<|endoftext|>
M	Washington  Florida  Nashville  San Jose  St Louis  Minnesota  Winnipeg  Vancouver  Ottawa  Columbus  Buffalo  Arizona  Edit: Apparently my opinion is wrong?<|endoftext|>
M	Should we ban the private ownership of pools?<|endoftext|>
M	Does Sange really bring anything to the table?<|endoftext|>
M	Are you suggesting that women should be held accountable for men dropping out?<|endoftext|>
M	Should I drop my current full-body program and train only upper body for a month or two?<|endoftext|>
M	Did you even read Teslas comments though?<|endoftext|>
M	Did you do the fighters guild quest line in Oblivion?<|endoftext|>
M	Did you not read the entire thing?<|endoftext|>
M	Do you have some recommendations for what I could play top lane?<|endoftext|>
M	Do you even know how the revenue sharing agreement in the NHL works?<|endoftext|>
M	Is the rest of 10 like this?<|endoftext|>
M	Didnt you just say that Tywin couldnt be completely sure Tyrion wasnt his son?<|endoftext|>
M	Dont you guys have five franchise players and still miss the playoffs by 30 points every year?<|endoftext|>
M	Is the Community Shield really considered a pre-season match though?<|endoftext|>
M	Do I see you hammering nearly as hard on the EMPLOYERS of these illegal immigrants?<|endoftext|>
M	Do you or would then consider accepting paypal?<|endoftext|>
M	Are you *sure* you want to get married?<|endoftext|>
M	Do you waste a time out knowing if you do score you give Brady the ball, who had 124 yards and 2 TDs and has a history of epic SB drives?<|endoftext|>
M	Are you sure you know anything about motives you speak of?<|endoftext|>
M	Are you that hard to impress?<|endoftext|>
M	Do you have any idea on what kind of champion you would want to play against people?<|endoftext|>
M	Do you think that Bitcoin is just an experiment?<|endoftext|>
M	Isnt that exactly what happened to indie rock over the last decade?<|endoftext|>
M	Was DNF at least any better on the PC?<|endoftext|>
M	Does that seem like a fair system to you?<|endoftext|>
M	Do you have guaranteed free speech as long as you dont slander/libel/cause a riot?<|endoftext|>
M	do you know how FUCKING LOUD that shit is?<|endoftext|>
M	Should an arm be making a repetitive movement that had origin and finishes at the snare?<|endoftext|>
M	Do you give shit to the people who post their own music?<|endoftext|>
M	Did you know with that very tactic, I probably wouldnt be alive right now?<|endoftext|>
M	Dont play the whos more racist?<|endoftext|>
M	Does the biggest game in the world, ever, really need advertising enough to spend 3 to 5 million dollars on it?<|endoftext|>
M	Are you referring to Obama because I am an American?<|endoftext|>
M	Is ignoring our representative MPs hypothetically voting in favour of a second referendum democratic?<|endoftext|>
M	Does that mean every single one is good?<|endoftext|>
M	Do you mean because hes only squatting 210, or in general?<|endoftext|>
M	Are you speaking of a version of Utron that doesnt use any of: Solemn Simulacrum, Sundering Titan, Wurmcoil Engine, Snapcaster Mage, Treasure Mage, Ugin, the Spirit Dragon, Oblivion Stone, Gifts Ungiven, spell burst, or Thirst for Knowledge?<|endoftext|>
M	Is Skadi really more cost efficient than Atos?<|endoftext|>
M	Do we need to go over the myriad ways in which France and Israel are different and so not reasonable for comparison?<|endoftext|>
M	Does anyone have a solution for this?<|endoftext|>
M	Isnt that Xeon really, really expensive?<|endoftext|>
M	Do you mean the Japanese immigrants who worked on the railroads?<|endoftext|>
M	Are you usuing a cheap 10 dollar iron or a 80 dollar iron?<|endoftext|>
M	Didnt you hear what Norbert Haug & co. say?<|endoftext|>
M	Do you need that good of a CPU though?<|endoftext|>
M	do you think kobe is considered a good guy yet?<|endoftext|>
M	Do I need one to install my mobo?<|endoftext|>
M	Are the first words out of your mouth you shouldnt have been going so fast?<|endoftext|>
M	Are you a bust if you are average in Euroleague?<|endoftext|>
M	Is screen tearing noticeable at 144 Hz?<|endoftext|>
M	Do you want Trump to name four lifetime appointments or Hillary Clinton?<|endoftext|>
M	Are people being too hard on Mad Men?<|endoftext|>
M	Are you implying that words previously written by a person can in no way be used to reach conclusions about what that person believes?<|endoftext|>
M	Didnt you see the never underestimate the Saints part of my comment?<|endoftext|>
M	Are you even a Southampton fan?<|endoftext|>
M	Does anyone have any opinions on these in particular?<|endoftext|>
M	Does that mean that maybe you have hepatitis too?<|endoftext|>
M	Should I got for a 1440p monitor with 60HZ or should I go with a 1080p monitor with 120-144HZ?<|endoftext|>
M	Did the Copa America car crash bring down the price or sour the ties between Vidal and Juventus?<|endoftext|>
M	Does the nba have a rule keeping women out?<|endoftext|>
M	Do the taxes on the rich affect their consumption at all?<|endoftext|>
M	Do you *really* think one needs to sacrifice the (admittedly-small-but-not-zero) performance offered by dual-channel memory operation in order to protect a near-zero likelihood of using a 64GB memory upgrade path?<|endoftext|>
M	Do you have a good recommendation for a routine?<|endoftext|>
M	Did all four wheels cross the line?<|endoftext|>
M	Do you just not fucking understand how news and journalism works?<|endoftext|>
M	Do you want to lose your excess fat first or do you want to gain some muscle first?<|endoftext|>
M	Are you saying that you cant complain about things that are not fair because you dont experience them?<|endoftext|>
M	does being a fascist mod preclude you from swearing?<|endoftext|>
M	Are we going to restrict French Chefs?<|endoftext|>
M	Isnt that always true for every relocated team?<|endoftext|>
M	Do *you* know the right altitude to jump out of an airplane when wearing what most people wear on airplanes?<|endoftext|>
M	Does that mean all Christians are like that?<|endoftext|>
M	Was that Russian equipment good enough in Iraq?<|endoftext|>
M	Do you focus on a goalscorers mistakes in Southampton friendlies?<|endoftext|>
M	Are humans doing bad things to the environment?<|endoftext|>
M	Are you also using the rig for gaming?<|endoftext|>
M	Arent you a little short for a cuttlefish?<|endoftext|>
M	Shouldnt Nvidia of all people know what my GPU can handle?<|endoftext|>
M	Is queueing in Ashran still the best way to get PvP kills for hidden artifact skins?<|endoftext|>
M	Is X acting at odds with liberal values by implicitly lobbying the university not to give such speakers a platform?<|endoftext|>
M	Did you not see that post about how all 32 teams feel like r/nba hates them?<|endoftext|>
M	Do you really think that a WWIII between Russia and the US would have been a better alternative to the Cold War?<|endoftext|>
M	Is the monitor plugged into the GPU?<|endoftext|>
M	Did you top up the fluid?<|endoftext|>
M	are you arguing in favor of ball stopping or just making the point that all the non melo knicks suck?<|endoftext|>
M	Do you have any fitness goals to train towards?<|endoftext|>
M	Do I have to include sli in my comment just to reassure people that im not bashing amd?<|endoftext|>
M	Do you have the 250D already?<|endoftext|>
M	Should I just start watching whats going on right now or should I watch some older stuff first?<|endoftext|>
M	Does that mean ALL runs in an inning after an error on a play that would have been the 3rd out are unearned?<|endoftext|>
M	Should I get a i5 4690k or wait to see what Skylake has to offer?<|endoftext|>
M	Do the helmets have different facemasks based on what players theyre supposed to be for?<|endoftext|>
M	Do you want a great RPG experience or do you want a great open-world shooter experience?<|endoftext|>
M	Does that mean I can be a member of the Spurs?<|endoftext|>
M	Dont you people have ANY FUCKING DECENCY?<|endoftext|>
M	did you see the images of hooded man with sunglasses strapping the prosthetic on that amputee the cowboy helped?<|endoftext|>
M	Did you even read the article?<|endoftext|>
M	Do you think continental Europe can ever act in concert?<|endoftext|>
M	Are we still gonna count Kyrie as a Non-US player?<|endoftext|>
M	Do you believe that someone with an enthusiasts rig will not be a customer within the 70% market penetration Steam has over digital distribution?<|endoftext|>
M	Should we take the same policy when gas and electric bills dont get paid?<|endoftext|>
M	Are you saying that a car wash isnt a means of production?<|endoftext|>
M	Do I actually believe Marissa Mayer should face criminal charges?<|endoftext|>
M	Didnt play those games, but why is a few of those games doing that, indicative of all games doing that?<|endoftext|>
M	Do you believe that Bungie would alienate its hardcore fans to sate the softcore complainers?<|endoftext|>
M	Do you understand why that means absolutely nothing?<|endoftext|>
M	Did you mentally elide the longer part of my comment about how false accusation is a tool of coercion used by rapists to rape people?<|endoftext|>
M	Do you think the police dont know and use that fact?<|endoftext|>
M	Are you 100% sure that Tevez would have scored in the WC QF game against Belgium ?<|endoftext|>
M	Do you want to pay more for the weapon, or the ammo?<|endoftext|>
M	Did The American military deliberately killed those civilians?<|endoftext|>
M	Do you notice difference between:  USA demands from Germany explanation for <event> that occurred due to <action> carried out by terrorists  and  German terrorists carry out <action> resulting in <event>   ?<|endoftext|>
M	Does anyone wanna trade my Man U - Barca half-and-half scarf for a Chelsea - Real Madrid one, because I got sick of seeing the United get scored on in the off-season and because I got CR7 tattooed on my neck?<|endoftext|>
M	Shouldnt I be able to change my own spark plugs?<|endoftext|>
M	Does that come as a surprise to anyone?<|endoftext|>
M	Do we want the jobs to stay or not?<|endoftext|>
M	Are you saying Martin deserved to die for walking through his neighborhood?<|endoftext|>
M	Did you fly domestic or international?<|endoftext|>
M	Do Belgium have a RB thats even close to Meuniers level?<|endoftext|>
M	Does anyone know which teams contacted him?<|endoftext|>
M	Is the NBA still the owner of the (now) Pelicans?<|endoftext|>
M	Didnt his return to Cleveland net the Cavs 200 million extra because of Lebrons return?<|endoftext|>
M	Dont QBs see their biggest jump in quality from the 1st to the 2nd year?<|endoftext|>
M	Do you think that Blizzard is specifically targeting you with shitty players?<|endoftext|>
M	Did you realize that only 1 out of the five 4*+ WRs weve signed in 2012/2013 classes is gone?<|endoftext|>
M	Do any of your guys use best buy/ future shop price matches during your builds?<|endoftext|>
M	Is Khedira not a downgrade after his injury problems at Real Madrid?<|endoftext|>
M	Dont you want the best teams in the tournament?<|endoftext|>
M	Are you talking about Chelsea, Man Utd., Man City, Real Madrid, Barcelona?<|endoftext|>
M	Do we owe more than the public works are worth?<|endoftext|>
M	Dont think its possible with Islam I take it?<|endoftext|>
M	Are you really so against making the game better that you wont admit its flawed in some small way?<|endoftext|>
M	Do you know what an unfalsifiable claim is?<|endoftext|>
M	Are you suggesting that police corruption means that no laws should be enforced at all?<|endoftext|>
M	Isnt the major issue from the Sonics-Thunder relocation (the viability of Key Arena as an NBA venue) still unresolved?<|endoftext|>
M	Did you even read his post?<|endoftext|>
M	Wasnt Kobe all NBA defense for a few years?<|endoftext|>
M	Is End of Nations not a sequel?<|endoftext|>
M	Did you cry when Ameobi scored against you?<|endoftext|>
M	Arent the keys on steam market overpriced though?<|endoftext|>
M	Are image threads and gif threads to be self posts?<|endoftext|>
M	Do you know more about F1 than Martin Brundle?<|endoftext|>
M	Do you think that a football team uses more people through the course of a season than a baseball team?<|endoftext|>
M	Does contributing to a political campaign count as goods and services?<|endoftext|>
M	Do you mind backing up your baseless statements by linking a website that displays differently in IE and IETab?<|endoftext|>
M	Do you mean like a spedo?<|endoftext|>
M	Did you read my entire post or just the first word?<|endoftext|>
M	Do you know what would happen if we went to war with Russia?<|endoftext|>
M	Was I irrational to cross the street?<|endoftext|>
M	Do the even make the playoffs with basically just Butler Wade and Rondo?<|endoftext|>
M	Does that mean Superman has responsibility commensurate with his power?<|endoftext|>
M	Do you want to get better with the butterfly(or its corresponding muscles) or with the lifts you did previously?<|endoftext|>
M	Do you remember what the world was like 6 years ago?<|endoftext|>
M	Do we see a large number of tourist going to Disney World go see Magic games?<|endoftext|>
M	Do you honestly think Blizzard would force South Korean tournament players to use battle.net servers?<|endoftext|>
M	Does that mean their products are sub-par?<|endoftext|>
M	Did Trump advocate time and time again to go to war?<|endoftext|>
M	Are saying that no one would convert into Islam without a sword at their neck?<|endoftext|>
M	Does ps4 have something like Xboxs smart glass on their app?<|endoftext|>
M	Do we disregard performances which are essentially highly-accurate impersonations?<|endoftext|>
M	Do you see yourself as tough, or flashy, or an underdog, or you like the Color Orange?<|endoftext|>
M	Does that honestly sound like a man who voted remain 13 months later?<|endoftext|>
M	Does anyone else think the jetpack may be just the go-to secondary ability?<|endoftext|>
M	Do you know why we dont report on protests often?<|endoftext|>
M	Do the actions of Billy King really count as a metric for NBA value?<|endoftext|>
M	Did you play magic last night and get a free Promo?<|endoftext|>
M	Do you have Microcenter in Canada?<|endoftext|>
M	Is 85 million going to put you above Man U, Man C, Chelsea, Arsenal and Tottenham though?<|endoftext|>
M	does anything happen when you push the start button?<|endoftext|>
M	Does that mean I hate them?<|endoftext|>
M	Do you know a guide or article on how emulators such as RPCS3 work?<|endoftext|>
M	Is a R9 270 a better upgrade than a HD 7870?<|endoftext|>
M	Do you think the rules forbid breathing?<|endoftext|>
M	Do you think its possible theyre going to have multiple versions of icons?<|endoftext|>
M	wasnt Pedro to the Sox basically just a salary dump?<|endoftext|>
M	Do you want a real answer to your presumption?<|endoftext|>
M	Do these function as separate games, or more like expansions, or DLC, or...?<|endoftext|>
M	Are you taken out of a movie or something?<|endoftext|>
M	Isnt Oakland gonna move to LA for the 5th time in NFL history (being the lowest valued franchise and all)?<|endoftext|>
M	Do you still want to use external speakers?<|endoftext|>
M	Does arbitration ave to be fair?<|endoftext|>
M	Does Lebron have a boxing glove?<|endoftext|>
M	Did I say anything about civilians alone?<|endoftext|>
M	Are you saying all those things are bad?<|endoftext|>
M	Do you think your company will/can consistently improve their stock price?<|endoftext|>
M	Do you really need a 256 GB SSD alongside a 1.5 TB 7200 RPM HDD?<|endoftext|>
M	Did you oversee the establishment and connection of your power lines?<|endoftext|>
M	Does the mobo have LEDs on it?<|endoftext|>
M	Did you notice that I said culture not race?<|endoftext|>
M	Does the player development engine take into account game experience yet?<|endoftext|>
M	Is the U.S. a police state?<|endoftext|>
M	Are these all not just temporary byproducts of raising the minimum wage?<|endoftext|>
M	Are you seriously saying you would let Assad(Syria) sit in prison for the rest of his life?<|endoftext|>
M	Do you care to guess what his reasoning was?<|endoftext|>
M	Do you think that over the next centuries that slavery will become more pervasive or less?<|endoftext|>
M	Are you seriously saying that hurts Bradys chances for a bust?<|endoftext|>
M	Did people really see Currys contract as bad?<|endoftext|>
M	Are Bulls fans really going to buy so many tickets just to root against the Cavs?<|endoftext|>
M	Are you playing Demo for fun or progression?<|endoftext|>
M	Do you really think that the people who bugged offices came in  with real identification?<|endoftext|>
M	Do you ever see NFL fans complain the Luke Kuechly is overrated and isnt as good as Khalil Mack?<|endoftext|>
M	Didnt Penn has his best season last year?<|endoftext|>
M	Did Blizzard stop developing WoW when everyone was happy with Vanilla?<|endoftext|>
M	Did you read what you wrote?<|endoftext|>
M	Arent some (a very few, select some or sum) against GMOs because of the monopoly in the agriculture business caused by seeds being GMed to produce infertile crops?<|endoftext|>
M	Did you know that 18 veterans commit suicide every day?<|endoftext|>
M	Is US culture one that is open to violence?<|endoftext|>
M	Does that mean Lebron is going to sign with Cleveland?<|endoftext|>
M	Do you have know of a better solution?<|endoftext|>
M	Didnt the packers lead that year?<|endoftext|>
M	Did I mention no one in the United States has ever died from a nuclear power plant related incident?<|endoftext|>
M	Are you saying that the dealer doesnt have a contract with the distributor (or manufacturer, if direct)?<|endoftext|>
M	Do you know how the 770 performs Minecraft wise?<|endoftext|>
M	Do people not remember that Hillary was just as inevitable in 2008?<|endoftext|>
M	Do I have to comment why you dont score points on the first two elements?<|endoftext|>
M	Are you saying that just because the Native Americans got fucked over (by being taken out of the stone age) 2 centuries ago that modern Americans should tolerate major upticks in crime?<|endoftext|>
M	Did you see Irving cut through the USA teams defense a couple days ago?<|endoftext|>
M	Are you saying that God couldnt?<|endoftext|>
M	Do you want some video links too?<|endoftext|>
M	Did you really just call a player with 43 career points a better playmaker than a player who has 48 assists in one season a year ago?<|endoftext|>
M	Does the European Union, or the IMF (whichevers more relevant) allow countries in the EU to accept loans from non-EU countries?<|endoftext|>
M	Are journalists enemies of the State?<|endoftext|>
M	Does MLS call the championship team world champions?<|endoftext|>
M	Do the wolves have any shooters coming so far?<|endoftext|>
M	Do you forsee upgrading to say a crossfire 390s or something similar in the near future?<|endoftext|>
M	Are you that dense that you think referendums should be held yearly until you get the result you like?<|endoftext|>
M	Are we already in the lionising the past leader we hated at the time phase?<|endoftext|>
M	Are Billions of Americans doing ANYTHING about this?<|endoftext|>
M	Did I learn much from my internship?<|endoftext|>
M	Are we allowed to factor in the removal of the top back in this?<|endoftext|>
M	Does anyone do an analysis when Bitcoin prices have sharp rises or falls?<|endoftext|>
M	are you shitting me right now?<|endoftext|>
M	Are A and B supposed to be 2 different lifting days?<|endoftext|>
M	Do you play soccer as well?<|endoftext|>
M	Do you want a 5 litre BMW V12?<|endoftext|>
M	Do you think Rent will stay the same in 20 years?<|endoftext|>
M	Do you know who Malala is?<|endoftext|>
M	Should we go into the multiple mass shootings that have been stopped by concealed carriers or that the very lowest estimates on annual defensive gun uses put out by anti-gun groups are 67,000 a year?<|endoftext|>
M	Do you folks not understand how an investigation works?<|endoftext|>
M	Is such a distraction worth such a mediocre talent?<|endoftext|>
M	Does that really sound like a calculation thats in tune with todays market?<|endoftext|>
M	Do you not know what a CEO is?<|endoftext|>
M	Are you going to let a supposed barrier lie between you and what you want?<|endoftext|>
M	do you care about that or not?<|endoftext|>
M	Is the team really looking amazing?<|endoftext|>
M	Dont F1 cars have all of these things?<|endoftext|>
M	Do you know self defense law (honestly)?<|endoftext|>
M	Do you want to continue entertaining me?<|endoftext|>
M	Does the charter give Canadians the right to not be charged with treason?<|endoftext|>
M	Do you think youd be able to get Windows 2000 or Windows XP to run on your 2015 Dell Optiplex 9020 or your 2 year old Alienware laptop?<|endoftext|>
M	Do you really think its legal gun owners who are causing gun violence in America?<|endoftext|>
M	Are you planning on buying a GPU later?<|endoftext|>
M	Do you buy seeds every year or replant grown seeds?<|endoftext|>
M	Is Everton a direct rival though?<|endoftext|>
M	Does anyone else hate the fact you can only stream to your TV via one of their products?<|endoftext|>
M	Are you talking about bullet trains?<|endoftext|>
M	Do I need to repeat myself?<|endoftext|>
M	Does that mean the Celtics have more history than the Lakers?<|endoftext|>
M	Are you referring to reducing accelerated depreciation on jets?<|endoftext|>
M	Is your answer really going to be any different though?<|endoftext|>
M	Are we watching the same video?<|endoftext|>
M	Did I say that language has never changed?<|endoftext|>
M	Isnt the Deadlift supposed to end with setting down the weights in a controlled manner?<|endoftext|>
M	Do I really sound like that?<|endoftext|>
M	Do you want an essay that makes the argument for human change?<|endoftext|>
M	Do you really want a 24?<|endoftext|>
M	Are we really going to whore ourselves out?<|endoftext|>
M	Are you going to tell me, with a straight face, that debate with full fairness is what took place in the Senate between Tuesday and Thursday?<|endoftext|>
M	Is atheism an expression against religion itself, to actively oppose religious claims as part of the beliefs people have the right to have or a simply reliability on the scientific method to assert provable and scientifically useful data?<|endoftext|>
M	Should we allow people who shirk their civic duties and responsibilities to get privileges?<|endoftext|>
M	Are you suggesting that 12+ million Mexicans cross the border illegally into the US every year?<|endoftext|>
M	Does your computer meet the system requirements?<|endoftext|>
M	Should the guy who terrorized Peyton Fucking Manning should be on the hall?<|endoftext|>
M	Should I just use 9 standoffs?<|endoftext|>
M	Is a military recruiting office a valid target, because the people inside are DoD personnel?<|endoftext|>
M	Do you have an argument with evidence to support your claim?<|endoftext|>
M	Do you remember clearly something you watched 5 months ago?<|endoftext|>
M	Are you a paid DNC shill?<|endoftext|>
M	Are you saying that Kyrie can lead an offense by himself?<|endoftext|>
M	Are you telling me half their backbone fiber links are sitting idle?<|endoftext|>
M	Are we not allowed to talk about the biggest story of the offseason to spare you from getting defensive?<|endoftext|>
M	Should I buy a Superclocked graphics card like this?<|endoftext|>
M	Do you absolutely want to keep the option open to have a war between EU members?<|endoftext|>
M	Is my Tony Parker selection really that bad compared to what the advanced analytic crowd bears out?<|endoftext|>
M	Is the AR platform consistent enough to allow the slide-fire stock to be attached to a .22 AR such as the M&P15 .22?<|endoftext|>
M	Do you know what impresses me most about the car?<|endoftext|>
M	Are you against those as well?<|endoftext|>
M	Does the possibility for additional deployments exist?<|endoftext|>
M	Is expanding the military and spending more money on foreign wars really fiscally responsible?<|endoftext|>
M	Was what Trumps campaign did a violation of the FECA?<|endoftext|>
M	Does that mean we subsidize mediocrity?<|endoftext|>
M	Dont want voicemail but want 10gb data?<|endoftext|>
M	Are the Knicks going to be a good team next year?<|endoftext|>
M	Does the league really have a ton to lose?<|endoftext|>
M	Do I think its guaranteed well be top 6?<|endoftext|>
M	did... did you read the word system and nothing else?<|endoftext|>
M	Do I have to comment why you dont score points on the first two elements?<|endoftext|>
M	Are THESE people exempt from these laws?<|endoftext|>
M	Do you know what a Raspberry Pi costs?<|endoftext|>
M	Does that sound like a good idea?<|endoftext|>
M	Do you think the starting guards will be Rondo and Bradley?<|endoftext|>
M	Do you wanna sorta wreck shit and have some heals or do you wanna completely wreck shit and have some gimmicky heals?<|endoftext|>
M	Was the idea of a patent sound in the time the system was created?<|endoftext|>
M	Was Zimmerman simply supposed to let Trayvon beat the shit out of him?<|endoftext|>
M	Didnt these groups fight for decades to not be segregated?<|endoftext|>
M	Arent you guys worried about your defense though?<|endoftext|>
M	Did the prosecution have a limited case?<|endoftext|>
M	Is the blood of everyone who died in the Iraq war on my hands, as someone who has profited from oil sales?<|endoftext|>
M	DOTD: >Who was your favorite character?<|endoftext|>
M	Is atheism an expression against religion itself, to actively oppose religious claims as part of the beliefs people have the right to have or a simply reliability on the scientific method to assert provable and scientifically useful data?<|endoftext|>
M	Are you talking about machismo, dueling culture, the need to man up, territorialism, or what?<|endoftext|>
M	Do you even live in America?<|endoftext|>
M	Is cricket even an actual sport?<|endoftext|>
M	Are you referring to food stamps?<|endoftext|>
M	Did I say drugs are victimless?<|endoftext|>
M	Did I mention how Rank 22 for the Artifact Weapon costs 64.000 points?<|endoftext|>
M	Wasnt the feud between Kobe and Shaq the main reason for their lack of success?<|endoftext|>
M	Does your team need an elite goaltender?<|endoftext|>
M	Do you identify as a man?<|endoftext|>
M	Are you suggesting that I should have waited  for a product I wasnt going to be happy with to save 100 bucks?<|endoftext|>
M	Wasnt the biggest come back Bradys last year vs the Ravens and the Hawks?<|endoftext|>
M	Do you want to actually get strong?<|endoftext|>
M	Is your check engine light on?<|endoftext|>
M	Do you get to go home at the end of the work day and see your family?<|endoftext|>
M	Does that include expenses like facilities improvement spread over years?<|endoftext|>
M	Do you honestly know how many games support SLI?<|endoftext|>
M	Dont get me wrong, I love LOTR as much as the next guy, but splitting that book into THREE MOVIES?<|endoftext|>
M	Do you need to ally yourself with a group that could cause later blowback?<|endoftext|>
M	Does Overwatch have over 100 champions?<|endoftext|>
M	Do you really think China would never try to conquer and exploit its neighbors?<|endoftext|>
M	Do these requirements trend towards 58+, young, straight men?<|endoftext|>
M	Did you not read what I said?<|endoftext|>
M	Didnt bobby Petrino hire his slam piece at Arkansas?<|endoftext|>
M	Does that mean my code is not malicious?<|endoftext|>
M	Is blood thicker than ties forged in battle?<|endoftext|>
M	Are you trying to say gun suicides are not gun deaths?<|endoftext|>
M	Is a 5 star general responsible for the fort hood shooting?<|endoftext|>
M	Is the robot gonna call it?<|endoftext|>
M	Is our species hard wired to be retarded?<|endoftext|>
M	Isnt a common mistake a bit beneath the greatest oratory of the modern  political era?<|endoftext|>
M	Is all you really want to be able to talk to women better?<|endoftext|>
M	Did Toronto auction off the licenses?<|endoftext|>
M	Are you implying that Rangers fans will support the Islanders if the Islanders are winning, and vice versa?<|endoftext|>
M	Do you have any idea how much time that is?<|endoftext|>
M	Didnt the GTs V8 also jump up in hp around the same time, though?<|endoftext|>
M	Did you think we have a GB football team?<|endoftext|>
M	Do you own a legacy football team?<|endoftext|>
M	Wasnt that added into the North American release to sort of tease out the possibility of a sequel?<|endoftext|>
M	Did you wanna know more about them?<|endoftext|>
M	Did you know that Hong Kong has a registered gun ownership proportional to that of the United States?<|endoftext|>
M	Do you get charged based on how many hours of TV you watch?<|endoftext|>
M	Do we have any stories for them?<|endoftext|>
M	Are all tournaments going to be sold now?<|endoftext|>
M	Do you even know what guilt by association is?<|endoftext|>
M	Do you have a microcenter near you?<|endoftext|>
M	Do I think Michigan wins ultimately?<|endoftext|>
M	Are you actually saying that the way to rate top receivers from a season is their yardage totals?<|endoftext|>
M	Do you have any PROOF that Hillarys unsecured basement server was hacked by the Russians?<|endoftext|>
M	Are you calling the Democrat ticket liars?<|endoftext|>
M	Do you bench Brady for him?<|endoftext|>
M	Are you being real right now?<|endoftext|>
M	Do I think Moncada will be a good player?<|endoftext|>
M	Did you really think that NATO/EU expansionism up to Russian borders would occur without some civilians dying?<|endoftext|>
M	Do you honestly believe we are getting pist because of one leaked photoshop presentation?<|endoftext|>
M	Do the Lions still bring in Marvin Jones Jr. with Calvin Johnson still on the team?<|endoftext|>
M	Doesnt Dan Mullen do the same thing with Egg Bowls, the first State streak since the 40s or something?<|endoftext|>
M	Did Roman Abromovic expect Fernando Torres to bring back £50 million to chelsea or Shevchenko £35?<|endoftext|>
M	Are you really sure you want to upgrade from i5-4690K to i7-6700?<|endoftext|>
M	Are you assuming the Ford and Chevy guys some how locked the gates when the Stig showed up?<|endoftext|>
M	Are you seriously saying boxing or MMA is not a sport?<|endoftext|>
M	Are Best Buy or Wal-Mart going to dedicate half of their store to Friday Night Magic, or to a prerelease every three months?<|endoftext|>
M	Did the system/opponents factor into that?<|endoftext|>
M	Do you know what an objective fact is anymore or have you spent too much time on /r/t_D?<|endoftext|>
M	Are you an ECB employee or something?<|endoftext|>
M	Are you saying that Kovalchuk would take $3M AAV for two seasons?<|endoftext|>
M	Does the content somehow degrade over time?<|endoftext|>
M	Do you know what you have to do to be able to conceal carry in the majority states that allow it?<|endoftext|>
M	Do you care to comment on this?<|endoftext|>
M	Do we call every NFL player an athletic freak because theyre all strong and fast?<|endoftext|>
M	Do you really want more unemployment?<|endoftext|>
M	Is the United States currently doing things that piss off Middle Eastern Religious fundamentalists?<|endoftext|>
M	Do you know how to compound 8% per year?<|endoftext|>
M	Do you honestly disagree with that?<|endoftext|>
M	Shouldnt we also find fault in ourselves for agreeing to be willfully fucked over (Willfull ignorance is a powerfull thing) or actually start voting with our wallets?<|endoftext|>
M	Are you referring to Stepan Bandera?<|endoftext|>
M	Do you really want some unknown person wandering around nuclear weapons?<|endoftext|>
M	Should that price to be ~7k score difference after first ~4 minutes of match just because initial duel went to shit, enemy farms your team at B & C cap tries and game doesnt give you AT?<|endoftext|>
M	Is upgrading to a faster SSD worth it?<|endoftext|>
M	Was the DUI in NY from way back when a misdemeanor?<|endoftext|>
M	Wasnt my point, but if were arguing based on comparables now, then whats his argument over Elias?<|endoftext|>
M	Is Social Security good for those who are on it?<|endoftext|>
M	Do you realize that thee xbox has 2002-2003 hardware in it?<|endoftext|>
M	Do you know how Hogan would continue to pay for these expensive fucking medical procedures - especially after losing 70% of his estate in a divorce and paying 24/7 life support for the kid his son vegetabled?<|endoftext|>
M	Are you getting yellow on the 3DS?<|endoftext|>
M	Did you have any trouble putting the I/O panel or PSU in?<|endoftext|>
M	Do you live near a stadium?<|endoftext|>
M	Are you saying Heat fans are that unsophisticated?<|endoftext|>
M	Do you actually want the Democrat to win?<|endoftext|>
M	Do you have a source for that?<|endoftext|>
M	Is your Colorado Rockies concept intentionally based on the NHL team that played from 1976 to 1982 (before becoming the New Jersey Devils)?<|endoftext|>
M	Are you going to claim that every single one of those documents contained evidence of evil and unprincipled actions?<|endoftext|>
M	Didnt Bungie even admit that last-gen held games scope back?<|endoftext|>
M	Do you have any idea what the US looked like when we were doing the same thing?<|endoftext|>
M	Do you even remember what the Xbox 360 launch looked like?<|endoftext|>
M	Is the second half the exact opposite results?<|endoftext|>
M	Is borrowing your neighbours shovel stealing from a hardware store?<|endoftext|>
M	Did you even read the whole article?<|endoftext|>
M	Did you realize that just as many men die of prostate cancer as women die from breast cancer, yet breast cancer receives much more funding?<|endoftext|>
M	Does anybody have any ideas on what KEY components of a team that you NEED to retain long term for success as a team overall?<|endoftext|>
M	Arent these the same folks who banned guns?<|endoftext|>
M	Do you have links to any?<|endoftext|>
M	Do you really want to see that in baseball?<|endoftext|>
M	Do you want to deny the enemy from killing one of your teammates?<|endoftext|>
M	Are you drawing comparisons between a CVT designed for F1 racing and the CVT in nissans?<|endoftext|>
M	Do you think the drug and gang related crimes are going to be reduced by any form of gun control?<|endoftext|>
M	Is win share in the playoffs a good indicator for this, though?<|endoftext|>
M	Do you really think the refs would even be able to call everything completely impartially?<|endoftext|>
M	Are you talking about his knee issues from 2011?<|endoftext|>
M	Do you really want a V200 SSD thats based off of sandforce?<|endoftext|>
M	Do you really think Higuain is on the same level as Maradona or Zlatan?<|endoftext|>
M	Did you watch the NBA playoffs?<|endoftext|>
M	Do you have any examples of how gaming has advanced (not just technically, but in society) in the last handful of years?<|endoftext|>
M	Do you not realize how biased that sounds?<|endoftext|>
M	Did each anti-meta hipster build take experimentation?<|endoftext|>
M	Did I forget to mention weve jumped from 25th to 12th in attendance?<|endoftext|>
M	Did you buy a spare SATA cable?<|endoftext|>
M	Was I the only Hawks fan that was still all tight-butthole about a Denver comeback, right up until Tarvaris Jackson got put in?<|endoftext|>
M	Are you going to be overclocking at all?<|endoftext|>
M	Do the Titans have more fans than the Packers because Tennessee has 1 million more people than Wisconsin?<|endoftext|>
M	Is a small-case build capable of low-end gaming/video even viable at a budget?<|endoftext|>
M	Do you want me to list Romo as well?<|endoftext|>
M	Is a corsair 600W enough for a gtx 970 ?<|endoftext|>
M	Is anyone trying to put them, Juvenile, or Mystikal in a Top 10?<|endoftext|>
M	Do you mean Conjurer from 3/3.5 or Summoner from Pathfinder?<|endoftext|>
M	Isnt that what great music is ultimately about?<|endoftext|>
M	Are the Pats a better team right now for having made that trade?<|endoftext|>
M	Is Anthony Calvillo better than Josh McCown?<|endoftext|>
M	Are the German people going to stop walking on the street because a terrorist might bomb them?<|endoftext|>
M	Do we need foreign-owned mining companies bullying our government or preventing us from protecting our land?<|endoftext|>
M	Is not like Formula 1 has done anything like that, ever, has it?<|endoftext|>
M	Did you know that Notre Dame is 3-12 in its last 15 bowl appearances?<|endoftext|>
M	Do we pay the soldiers or the seniors?<|endoftext|>
M	Do you decide to not keep running towards the house?<|endoftext|>
M	Are you talking legit download like steam or are you talking torrent?<|endoftext|>
M	Was its plot a bit contrived?<|endoftext|>
M	Do Rocket fans really think Howard can help their team to win a championship?<|endoftext|>
M	Do you even know what those are?<|endoftext|>
M	Do you live near a Microcenter?<|endoftext|>
M	Is Toews worth a first + a good/decent prospect (through trade) **plus** two $5 million players?<|endoftext|>
M	Are you asking about 2D animation or 3D?<|endoftext|>
M	Do you need things like a Monitor, Keyboard, & Mouse?<|endoftext|>
M	Did you hear about the private prison kickback scandal?<|endoftext|>
M	Did we really need that jar of pee on the screen for a 20 second take?<|endoftext|>
M	Are you being serious right now?<|endoftext|>
M	Are you actually planning to over clock your CPU?<|endoftext|>
M	Is your favorite color blue or yellow?<|endoftext|>
M	Are you tied to that case?<|endoftext|>
M	Do you need a DVD drive?<|endoftext|>
M	Do you already own that SSD & optical drive?<|endoftext|>
M	Do you need a keyboard & mouse?<|endoftext|>
M	Do you believe the attack on 9/11 was an act of terrorism?<|endoftext|>
M	Do you think you can save up a bit more money?<|endoftext|>
M	Are you doing video editing, music production, 3d modeling, or any similar workstation type of task?<|endoftext|>
M	Do I still think hes a top 10 player in the league?<|endoftext|>
M	Did we have chances to win that game?<|endoftext|>
M	Is the WiiU a worse situation than normal?<|endoftext|>
M	Did you see Stablers Super Bowl count?<|endoftext|>
M	Do you plan to over clock the CPU?<|endoftext|>
M	Do you actually plan to over clock your CPU?<|endoftext|>
M	Is the issue of a takeover, partnership, or perhaps a new sponsorship deal?<|endoftext|>
M	Isnt that more true to the character?<|endoftext|>
M	Do Dwight+Harden bring as many fans to the arena as Lebron?<|endoftext|>
M	Do you really need to overclock?<|endoftext|>
M	Do you want David Cameron, a statesman who has stood up for Britain around the world, who will have led the country through five of the toughest years in recent history?<|endoftext|>
M	Is my build ready to go?<|endoftext|>
M	Do you know how many Steelers fans born outside Pennsylvania are also Pirates fans?<|endoftext|>
M	Are you doing any video editing, 3D modeling, music production or similar workstation task?<|endoftext|>
