W	How do you make ends meet?<|endoftext|>
W	What is your point to this?<|endoftext|>
W	How have you been peer pressured into giving into their cause?<|endoftext|>
W	How would I tell my family?<|endoftext|>
W	How long have you guys been in counseling?<|endoftext|>
W	What are your plans for the future?<|endoftext|>
W	How is the relationship with your parents now?<|endoftext|>
W	How do you explain to a five year old that everyone in their class gets cookies and cake and school lunches except for them?<|endoftext|>
W	How about to each their own?<|endoftext|>
W	What if Robert hadnt been such a womanizer, and treated Cersei well?<|endoftext|>
W	What do you do for a job?<|endoftext|>
W	What kind of nursing program are you looking at, an accelerated BSN for second degree students?<|endoftext|>
W	How many more red flags do you need about a dangerous situation before you take action??<|endoftext|>
W	Who are you to tell me that I have a problem?<|endoftext|>
W	What happened to ~trusting the alliance~, though?<|endoftext|>
W	how do you put a dollar amount on sleep deprivation?<|endoftext|>
W	What does your husbands family usually do for holidays?<|endoftext|>
W	What is your intended outcome in telling them?<|endoftext|>
W	How strongly have you worded your concerns to your husband?<|endoftext|>
W	Whats the deal with your marriage?<|endoftext|>
W	What if Id gotten up earlier and wanted to have breakfast too?<|endoftext|>
W	How about, are you ever worried when youre walking in broad daylight and someone pulls over to ask you for directions?<|endoftext|>
W	Who will be your better partner then?<|endoftext|>
W	Who has a baby/childs birthday party at night?<|endoftext|>
W	What would be the female version of emasculating?<|endoftext|>
W	What happens if someone physically, mentally cannot be independent?<|endoftext|>
W	When you say get through to the both of them, what are you envisioning?<|endoftext|>
W	How can you go without toilet paper, shampoo, deodorant, laundry detergent, dish soap, tampons, pads etc?<|endoftext|>
W	How can I tell if my water broke?<|endoftext|>
W	How often do you get to throw a crazy party and invite all the people you love?<|endoftext|>
W	What can you do during those times-- whats worked well in the past?<|endoftext|>
W	When I graduated high school and was about to start college and heard my sister ask can I go to college?<|endoftext|>
W	What type of iud do you have?<|endoftext|>
W	How is a drug test unreasonable?<|endoftext|>
W	What does that have to do with my relationship with fad diets?<|endoftext|>
W	What kind of relationship did your sister have with Ada before the baby?<|endoftext|>
W	What kinds of shitty attitude and behaviour are you talking about?<|endoftext|>
W	Whats the story behind the hitting, if you dont mind me asking?<|endoftext|>
W	Whats to say that patriarchal societies arent built on social conditioning?<|endoftext|>
W	What if your partner also was having a flair up or even had to be hospitalized?<|endoftext|>
W	How about an essay on friendship?<|endoftext|>
W	Who is paying for the hotel room?<|endoftext|>
W	What makes you qualified to draw the line?<|endoftext|>
W	Who told you about the game ?<|endoftext|>
W	Who cares if shes avoiding it?<|endoftext|>
W	How were the parents napping yet not home?<|endoftext|>
W	What if you let that go?<|endoftext|>
W	What about leftovers that get reheated in the oven or stovetop?<|endoftext|>
W	What about a group of girls?<|endoftext|>
W	What was your relationship like before the drinking?<|endoftext|>
W	How the hell does your dick get hard/vagina get wet when you dont find the person physically appealing?<|endoftext|>
W	What are you guys reading that Im not?<|endoftext|>
W	When I was young, probably about middle-school age (12-13?<|endoftext|>
W	When are you guys gonna start?<|endoftext|>
W	What is with all the shitty boyfriends and girlfriends making all you guys doubt your own preferences?<|endoftext|>
W	How do you know how those 10 people impacted the world?<|endoftext|>
W	What exactly would close look like to you?<|endoftext|>
W	How did I save our relationship?<|endoftext|>
W	Whos want to have sex with a person that just doesnt want to say no?<|endoftext|>
W	How do you feel about women who use dirty tampons as art?<|endoftext|>
W	How did you choose your pet insurance?<|endoftext|>
W	How are we supposed to actively participate in the industry when we get shunned for wanting a female main character?<|endoftext|>
W	What do you think happens to those poorly taught obese children?<|endoftext|>
W	What are you even talking about?<|endoftext|>
W	How do you feel about looking back 25 years from now and realizing your first big stand against your parents was about *pot*?<|endoftext|>
W	When did I say that shes a man?<|endoftext|>
W	What about children who are murdered by their abuser?<|endoftext|>
W	How were you able to save $2000 a month????<|endoftext|>
W	What are you actually getting out of this?<|endoftext|>
W	How is going looking out for you?<|endoftext|>
W	what happens when you two break up?<|endoftext|>
W	whats your plan for the dog when you move out of your parents house?<|endoftext|>
W	What else do you have to give a relationship?<|endoftext|>
W	What are you willing to risk?<|endoftext|>
W	How do people afford 20k for a wedding?<|endoftext|>
W	What is the point in waiting until something is going wrong to express your feelings?<|endoftext|>
W	How did you get into it?<|endoftext|>
W	What are some good products to use?<|endoftext|>
W	What do you consider a dumb, innocent mistake?<|endoftext|>
W	What the hell does being a woman have to do with it?<|endoftext|>
W	How many natural haired black celebrities can you name?<|endoftext|>
W	How much money a month over $400 do you think youd need to be making in order to pay rent, utilities, food, gas, insurance, etc, just to stay afloat?<|endoftext|>
W	Who gets to decide who reproduces?<|endoftext|>
W	What are you so nervous about?<|endoftext|>
W	How can people in medicine sincerely disbelieve these things?<|endoftext|>
W	How much do you have to take?<|endoftext|>
W	What if you dont have friends or family to turn too, and counselling isnt covered by your medical?<|endoftext|>
W	How the hell do you know this?<|endoftext|>
W	When does your son go to sleep in the evening?<|endoftext|>
W	What the actual hell were you thinking?<|endoftext|>
W	what are you going to do?<|endoftext|>
W	What did you do to me, you ask?<|endoftext|>
W	How would speaking to him, or asking an adult who I trust to speak to him, put his future in jeopardy?<|endoftext|>
W	How people always ask women  Ooh are *you* and your boyfriend nexxxxxxxxt???<|endoftext|>
W	Who comes up with these things!?<|endoftext|>
W	What can you learn from whatever problems youre faced with?<|endoftext|>
W	What kind of relationship would you guys be able to have?<|endoftext|>
W	How long have you honestly been feeling like this?<|endoftext|>
W	What kind of work are you doing now?<|endoftext|>
W	What did I tell you about touching the students!?<|endoftext|>
W	What is his attitude about his current unemployment?<|endoftext|>
W	How do I know if Im allergic to penicillin?<|endoftext|>
W	What was defined as too early?<|endoftext|>
W	When the coin is mid air, which way do you wish the coin would land?<|endoftext|>
W	what about ugly and/or fat women?<|endoftext|>
W	How can a teenager make life changing decisions like this?<|endoftext|>
W	What area of NY do you live in?<|endoftext|>
W	Whats your hangup about period sex?<|endoftext|>
W	How can people put up with that?<|endoftext|>
W	How is asking me if I want to have a threesome ever **not** out of the blue?<|endoftext|>
W	What would stop the new hubby, who likes to stab people, and physically harm women in front of minors, from coming over to my house and hurt me or my family?<|endoftext|>
W	What makes you think the majority of German people cared enough about the Jews to save them?<|endoftext|>
W	How are you going to know for sure who is a false accuser?<|endoftext|>
W	Who got a new bf/gf sooner?<|endoftext|>
W	How long have you been using tampons?<|endoftext|>
W	How would you like to not be able to have your partner over to your *home*?<|endoftext|>
W	How close to your college is the apartment?<|endoftext|>
W	How would you tip someone in that job?<|endoftext|>
W	Who are these people watching after our sick and elderly?<|endoftext|>
W	When would your kids even see you?<|endoftext|>
W	How can Nicole have a crush on him?<|endoftext|>
W	How could an author be so out of touch and yet divinely inspired?<|endoftext|>
W	How about just not cheating out of basic respect for your partner?<|endoftext|>
W	When I first replied, I had no idea of the nature of his situation, but thats reddit, isnt it?<|endoftext|>
W	When you say you had options/freedom for how you learned things, how do you mean?<|endoftext|>
W	How many chores do you do?<|endoftext|>
W	What about bisexual people, are we allowed friends?<|endoftext|>
W	What if the switch were flipped?<|endoftext|>
W	Who gets excited over going to Walmart, in California?<|endoftext|>
W	Whats the plan for spending time with in-laws?<|endoftext|>
W	What should we as a society do with parents like mine?<|endoftext|>
W	How do you not think his actions are absurd?<|endoftext|>
W	Whats wrong with taking care of your partners illegitimate (pun intended) feelings?<|endoftext|>
W	when worn without a push-up bra if a woman is less than a C cup?<|endoftext|>
W	Whats the first thing the VP asks my co-worker?<|endoftext|>
W	How could you sort someone into the binary if their genitalia/chromosomes are abnormal?<|endoftext|>
W	What would happen if the Lords of the Vale decide that no-longer-in-authoritys Cerseis no-longer-current nomination of LF as Regent means jack shit and that Robyn needs a new regent?<|endoftext|>
W	What does abuse of prescription pain medication have to do with vaccination against measles?<|endoftext|>
W	How often do you get to see baby pictures of the Devil?<|endoftext|>
W	What do people say about me behind my back?<|endoftext|>
W	How does voluntary repossession work, anyways?<|endoftext|>
W	What the hell is wrong with you?<|endoftext|>
W	when someone is diagnosed with a cancer equivalent to a death sentence?<|endoftext|>
W	What exactly is the issue anyway?<|endoftext|>
W	What the fuck difference does that make?<|endoftext|>
W	How do you get away with being assholes?<|endoftext|>
W	Who the fuck doesnt want to share good weed with their SO?<|endoftext|>
W	How can I describe a possible suspect (should something happen) if I dont even have a name, a description, vehicle?<|endoftext|>
W	What do you expect me to do?<|endoftext|>
W	What the fuck is wrong with you and your family?<|endoftext|>
W	How many more reasons you need?<|endoftext|>
W	How is your relationship with your mom?<|endoftext|>
W	Whats so deceptive and manipulative about having an actual conversation?<|endoftext|>
W	Who the fuck are you to judge?<|endoftext|>
W	How often do you check Reddit?<|endoftext|>
W	What do you see as the repercussions of claiming to be Catholic (as opposed to simply not saying that youre atheist)?<|endoftext|>
W	What would you suggest a transgender person do, then?<|endoftext|>
W	How did you not even realize your freaking wife and daughter left the house?<|endoftext|>
W	How do you... taste the Valium?<|endoftext|>
W	Whats your favorite place to go camping?<|endoftext|>
W	What would be accomplished by asking the parents?<|endoftext|>
W	What would you say is a reasonable amount of change?<|endoftext|>
W	How dumb can you possibly be?<|endoftext|>
W	How long have you two been separated?<|endoftext|>
W	How do you expect falling in love to happen?<|endoftext|>
W	How can someone be such an unpleasant person?<|endoftext|>
W	How on earth would you know that though?<|endoftext|>
W	How can you generalize so harshly?<|endoftext|>
W	Whats going to be more important when theyre 70?<|endoftext|>
W	What reality do you live in?<|endoftext|>
W	What kind of money do you make as an engineer?<|endoftext|>
W	What phrase should we use instead?<|endoftext|>
W	What do you want the lovely people of reddit to say?<|endoftext|>
W	How should, say, a 20 year old female dress for resume-dropping?<|endoftext|>
W	What good is a partner who cant function when things dont go perfectly?<|endoftext|>
W	How do you survive doing everyday things like wiping your ass or god forbid changing a tampon?<|endoftext|>
W	Whats that, you wont bang me?<|endoftext|>
W	What do you think makes you ugly?<|endoftext|>
W	What do you wear on your feet when its cold inside?<|endoftext|>
W	Who the fuck demands their partner lose weight by a specific deadline?<|endoftext|>
W	What happens when you get someone whos been awful and requests a compliment?<|endoftext|>
W	What the hell do I say to them?<|endoftext|>
W	How many places can you think of that sell in more than one category?<|endoftext|>
W	How is the notice process going?<|endoftext|>
W	What magical answer are you expecting?<|endoftext|>
W	Whats the next large expense shes unwilling to compromise on?<|endoftext|>
W	What is with Reddits beef with feminism?<|endoftext|>
W	what about the months when i may not see any paychecks at all?<|endoftext|>
W	Whats with all these cheating and dumping girlfriends??<|endoftext|>
W	What Im wondering is, would extraterrestrial intelligence even be capable of communicating with us?<|endoftext|>
W	Whats next, youre going to tell people with depression related to chemical imbalance to just cheer up?<|endoftext|>
W	When you did dietary restrictions how long did you do them?<|endoftext|>
W	Who says OP doesnt take the cat to the vet?<|endoftext|>
W	What are some of the most interesting, frustrating, and/or exciting things about your relationship, as far as cultural differences go?<|endoftext|>
W	How long did you date your husband before marriage?<|endoftext|>
W	Whats wrong with poking fun at yourself?<|endoftext|>
W	how are you not livid right now?<|endoftext|>
W	How long did you date for?<|endoftext|>
W	How do you both divide up middle of the night feedings and changing?<|endoftext|>
W	When *wasnt* American society polarized, though?<|endoftext|>
W	How did you manage to rack up $8k in credit card debt?<|endoftext|>
W	Who likes the smell of poop?<|endoftext|>
W	How are you getting so up in arms when LotR did something very similar?<|endoftext|>
W	However, making teeth slightly yellow instead of yellow is nice, no?<|endoftext|>
W	When all is said and done, what do I want people to remember about me?<|endoftext|>
W	How do those not all get stolen?<|endoftext|>
W	How did his 6th grade relationship go?<|endoftext|>
W	When Jaime broke the siege of Riverrun, was more or less like whats shown on tv?<|endoftext|>
W	Who made you the ruler of the universe who gets to tell thenewiBall what to do?<|endoftext|>
W	However, what statement would you make in regards to people who cant or choose not to have kids?<|endoftext|>
W	What happens when you eat it?<|endoftext|>
W	What about puking on your face?<|endoftext|>
W	How often do you see homeless woman compared to homeless men?<|endoftext|>
W	However football can hardly be considered a medical exception can it?<|endoftext|>
W	Who cares what the situation is?<|endoftext|>
W	How do you know you dont have anything in common with someone before even talking to them?<|endoftext|>
W	What does your fiance think of this?<|endoftext|>
W	How awesome is your dads ex?<|endoftext|>
W	How many people died in Europe since we started accepting people from these places?<|endoftext|>
W	Who wasnt responsible for whose creation?<|endoftext|>
W	Whats your parents role in your life?<|endoftext|>
W	How would you feel if you dated a guy for a *significant* period of time and then have your best friend date him?<|endoftext|>
W	What kinds of things do teenage boys do that would surprise women?<|endoftext|>
W	Who wants to be blinded/irritated by bright light when youre half asleep and wandering to the bathroom?<|endoftext|>
W	Who doesnt love The Comsat Angels?<|endoftext|>
W	How did you feel about pools being filled with cement instead of allowing colored children in?<|endoftext|>
W	What *actual* kind and forgiving person would get mad at OP for telling the truth?<|endoftext|>
W	How would you acknowledge something like that without just verbatim repeating it?<|endoftext|>
W	What do you use to doodle?<|endoftext|>
W	what idiot healers are you playing with that go full damage?<|endoftext|>
W	How often do women ask what your weight is?<|endoftext|>
W	How about we push X plan off to next saturday instead of tomorrow?<|endoftext|>
W	How would spraying ant spray behind the stove ruin it?<|endoftext|>
W	Who deals with stress/fear better than a big person?<|endoftext|>
W	What do you mean when you say family values?<|endoftext|>
W	Who said anything about rescuing a dog?<|endoftext|>
W	What the fuck was wrong with me?<|endoftext|>
W	How long have you been married?<|endoftext|>
W	How different is California from Texas?<|endoftext|>
W	How can you tell someone is healthier after a weight loss?<|endoftext|>
W	How exactly did you suffer from it?<|endoftext|>
W	What kind of stuff do you read, out of interest?<|endoftext|>
W	how do you know its wings are clipped?<|endoftext|>
W	What about your needs and wishes?<|endoftext|>
W	What do you mean not natural?<|endoftext|>
W	Whats wrong with OP working on his confidence and improving his casual relationships with women via friendship?<|endoftext|>
W	How about a non-stoner and their first and second pot experience?<|endoftext|>
W	What would be the outcome youd be hoping for by telling him?<|endoftext|>
W	What do you think marriage does?<|endoftext|>
W	What if later later have a kid?<|endoftext|>
W	Whats wrong with one person contributing more?<|endoftext|>
W	What does gender have to do with this?<|endoftext|>
W	What culture has anything to do with it?<|endoftext|>
W	What grounds do you even have for that?<|endoftext|>
W	Whats the difference between a fandom and a hobby?<|endoftext|>
W	What the hell people who order that weird combination of food?<|endoftext|>
W	How long ago did you do it?<|endoftext|>
W	When you say Irish, you do mean in Ireland, right?<|endoftext|>
W	What kind of sandals were you wearing and were the ones that you were wearing exactly comparable to the ones the females are wearing?<|endoftext|>
W	What show doesnt deal with relationships?<|endoftext|>
W	What kind of plugs do you wear?<|endoftext|>
W	How the fuck am I supposed to know the biting is of a sexual nature??<|endoftext|>
W	What would be a completely different issue?<|endoftext|>
W	What would you do to people who got pregnant outside of marriage?<|endoftext|>
W	What do you all think was the point of that scene?<|endoftext|>
W	What do you do if a mosquito is biting you?<|endoftext|>
W	How bad does something need to be before its bad enough that person isnt allowed to have kids?<|endoftext|>
W	What about Topomax for the treatment of migraines?<|endoftext|>
W	what is with people giving the cats a bed?<|endoftext|>
W	What do you think youre doing?<|endoftext|>
W	When I actually was pregnant, guys would say things like Ive always wondered what fucking a pregnant woman would be like, and  does your baby need a step-dad?<|endoftext|>
W	How many relationships do you know of that last for 40, 50, 60 years?<|endoftext|>
W	What would valentines day be without diamond roses?<|endoftext|>
W	How did Meg become a potential target at some point?<|endoftext|>
W	Who the heck is allowed to put curvy r/okc??<|endoftext|>
W	What are these amazing things I have never heard of????<|endoftext|>
W	Who cares what movies theyve chosen?<|endoftext|>
W	How does fairness come into it?<|endoftext|>
W	What help are you willing to give?<|endoftext|>
W	How many women do you think are still virgins at 26?<|endoftext|>
W	What video games do you like to play?<|endoftext|>
W	What could I do to improve my profile?<|endoftext|>
W	How many people pick names based on that kinda stuff, though?<|endoftext|>
W	What does that word actually mean to you?<|endoftext|>
W	How is a different person commiting the acts against one persons body in the two scenarios arguing semantics?<|endoftext|>
W	How the fuck can a person be so dislikable?<|endoftext|>
W	What changes should we make, aside from becoming vegan/veg (a big ask for most people)?<|endoftext|>
W	What is your relationship like with your parents?<|endoftext|>
W	How many of those people just love seeing rapists feel good about themselves and how many are confused as to what rape actually is?<|endoftext|>
W	What are you even talking about?<|endoftext|>
W	how often have you seen a girl legit not read a text?<|endoftext|>
W	How about you tell me what you mean by minority?<|endoftext|>
W	What are you even talking about?<|endoftext|>
W	Whats with the weird quotations all might Sansa hater?<|endoftext|>
W	How have I implied that I dont treat people well?<|endoftext|>
W	What does your life look like outside of work?<|endoftext|>
W	Who throws away 2 years like that?<|endoftext|>
W	What the fuck are you talking about?<|endoftext|>
W	What if I told you something like the Avengers or Interstellar or Gravity were actually 3D animated movies, with humans composited in?<|endoftext|>
W	How are bills split between the two of you?<|endoftext|>
W	How do you guys manage clean eating with a family?<|endoftext|>
W	Who cares about a bloodline of a puppy for godssake?<|endoftext|>
W	What does that have anything to do with it, you may ask?<|endoftext|>
W	What, do you have a PH.D in cat psychology or can read the minds of cats or something?<|endoftext|>
W	What the hell were you posting?<|endoftext|>
W	How do you break the ice to be able to talk about all-of-the-life with someone you only know a small segment of their life about?<|endoftext|>
W	Who said anyones stuck in line?<|endoftext|>
W	Who cares what you friends think?<|endoftext|>
W	How much did you smoke, anyway?<|endoftext|>
W	What did you find was most effective for leveling up quickly?<|endoftext|>
W	How much is the abortion pill without insurance?<|endoftext|>
W	What would you *like* to do with the next 15 years of your life?<|endoftext|>
W	Who cares if hes your only dad?<|endoftext|>
W	What are good things to ask for that you are likely to get?<|endoftext|>
W	What moisturizer did you use during your accutane?<|endoftext|>
W	What fantasy world do you live in that you think your children are going to just love and adore you forever and have no confrontation ever?<|endoftext|>
W	How is watching porn to masturbate not cheapening sex in your definition?<|endoftext|>
W	What is the harm in keeping an open mind and actually admitting that men can be raped?<|endoftext|>
W	What if a hospital wants to free up some resources?<|endoftext|>
W	How am I being a liar?<|endoftext|>
W	What clever names have you given those 8 cats?<|endoftext|>
W	How would you feel if your weaknesses (your inability to empathize with the OPs boyfriend, for example) were pointed out and you were shamed for it?<|endoftext|>
W	What does that have to do with Aaryns comments about Helen, which are the ones Im arguing were undoubtedly racist?<|endoftext|>
W	How did you get into publishing?<|endoftext|>
W	How will me wearing a different swimsuit have any effect on your husband?<|endoftext|>
W	How do you chose to believe?<|endoftext|>
W	What was so wrong with it?<|endoftext|>
W	How can you be so inconsiderate??<|endoftext|>
W	Who better to advise than his good, successful friend Vladimir?<|endoftext|>
W	What sort of help are you asking for?<|endoftext|>
W	What was that thing I read in the MRA once, a while ago?<|endoftext|>
W	How much do you think Brie Larson will get done?<|endoftext|>
W	What do turtles have to do with biology...?<|endoftext|>
W	How did you manage to mess your elbow up *that* badly?<|endoftext|>
W	What do you mean by get used to?<|endoftext|>
W	How do you get past hating every single character?<|endoftext|>
W	How does that NOT HAPPEN to everyone else?<|endoftext|>
W	What does someone else wanting to have a baby have to do with a woman whos pregnant and doesnt want one?<|endoftext|>
W	What if your child is born sick or disabled?<|endoftext|>
W	How do you make a girl cum?<|endoftext|>
W	What are you going to school for?<|endoftext|>
W	What do you think that is?<|endoftext|>
W	When are you and your husband having a second child?<|endoftext|>
W	What type of cleaners are you using?<|endoftext|>
W	How did you meet your husband?<|endoftext|>
W	When was the last time you were tested before this?<|endoftext|>
W	How long have you two been dating?<|endoftext|>
W	Who on Earth is Skylar White?<|endoftext|>
W	Howd you come about cleaning Karo syrup off the floor in the womens bathroom?<|endoftext|>
W	How do you feel about foreign?<|endoftext|>
W	What is so offensive about that?<|endoftext|>
W	How would you recommend that computerized notes be organized?<|endoftext|>
W	What kinds of things does hearing the peoples stories motivate you to do?<|endoftext|>
W	How can you not care at all about someone being raped or killed?<|endoftext|>
W	What do you know of *bad*?<|endoftext|>
W	What bank on earth doesnt show all transactions?<|endoftext|>
W	Who needs to scratch the inside of their throat?<|endoftext|>
W	What region did you grow up in?<|endoftext|>
W	How then can we trust any of it?<|endoftext|>
W	What am I refusing what you are saying?<|endoftext|>
W	Whats the cost of living in your area ?<|endoftext|>
W	What kind of dog is she?<|endoftext|>
W	How did Cody exhibit any restraint with Josh?<|endoftext|>
W	Whats the female equivalent to emasculating?<|endoftext|>
W	How can I look sexy without looking slutty?<|endoftext|>
W	What has the last century of feminism been for if not to teach us how to be kind & respect people?<|endoftext|>
W	What were your favourite freezer meals?<|endoftext|>
W	When I met one of my now-friends, one of his first questions was, Do you drive a Honda?<|endoftext|>
W	How about you focus on your life and partner and I will continue to please mine?<|endoftext|>
W	How is Tyrion related to them, then?<|endoftext|>
W	What state are you guys in/the breeder in?<|endoftext|>
W	What if your parents are dead?<|endoftext|>
W	How do you just *ask* a boyfriend for money?<|endoftext|>
W	Who do you think you are responding to?<|endoftext|>
W	What do you tell a child in that circumstance?<|endoftext|>
W	Hows your job been, getting any better/less stressful?<|endoftext|>
W	How do you not get burnt out with that sort of schedule?<|endoftext|>
W	What kind of thing do you read?<|endoftext|>
W	What ideology did you assume I was?<|endoftext|>
W	What if HOH loses the temptation comp?<|endoftext|>
W	what do you mean by tween-drama of the week bc i havent watched tween shows in a long time but i do like teen shows?<|endoftext|>
W	When I was considering the move my pastor said, oh a low income area, so what can you do for the community?<|endoftext|>
W	What about tofu or veggie patties/substitutes?<|endoftext|>
W	How come if you dont mind me asking?<|endoftext|>
W	Who said you could open your whore mouth?<|endoftext|>
W	What made you to want to read it?<|endoftext|>
W	How would you feel if your boyfriend was talking to a female friend about something similar?<|endoftext|>
W	How does each partner feel toward debt?<|endoftext|>
W	When people leave my door open, do you want ants??<|endoftext|>
W	How long have you been taking yours?<|endoftext|>
W	How old were you when you met?<|endoftext|>
W	What good does shutting down daydreams do?<|endoftext|>
W	What can you do for his mental problem?<|endoftext|>
W	What is the points of being fiancees if youre not actually getting married?<|endoftext|>
W	What exactly are you wanting me to *learn*?<|endoftext|>
W	How far do you live from Canada?<|endoftext|>
W	What if your passion is volunteering?<|endoftext|>
W	What about the darker, Swedish females!?<|endoftext|>
W	How was the procedure for you?<|endoftext|>
W	When did being rude and tearing people down become an admirable character trait?<|endoftext|>
W	How old was dylan89 at the time?<|endoftext|>
W	How do you deal with it?<|endoftext|>
W	How is Imgur blocked but not Reddit?<|endoftext|>
W	How fucking egotistical do you have to be to think you know who should be having kids and who shouldnt?<|endoftext|>
W	What is difficult with maintaining a healthy weight?<|endoftext|>
W	How about you make a really well prepared move?<|endoftext|>
W	What are you saying about my girlfriend?<|endoftext|>
W	What if I told you not all women read gossip magazines and some men do?<|endoftext|>
W	How come your Senior Officers werent able to notice your hard work?<|endoftext|>
W	What did you do for your baby teeth?<|endoftext|>
W	How on earth do you extrapolate that teaching STEM or literature is in any way connected with empathy?<|endoftext|>
W	How do you not feel horribly disgusting all day and forever?<|endoftext|>
W	When switching to new kibble arent the two different foods supposed to be mixed so the animal doesnt get sick (from the sudden change Im guessing)?<|endoftext|>
W	Who has to get annual physical exams as a teenager?<|endoftext|>
W	Who is we that can smell my period?<|endoftext|>
W	Whats the point in raging in ARAM?<|endoftext|>
W	What happens if you dont eat the third?<|endoftext|>
W	What do you do for lean protein?<|endoftext|>
W	Whats going on with you at the moment?<|endoftext|>
W	What kind of person does that?<|endoftext|>
W	What would you say was the most valuable lesson you learned during your service?<|endoftext|>
W	How does saying College rape isnt as common as people think invalide rape?<|endoftext|>
W	What if you got a male roommate who was okay with your girlfriend sleeping over sometimes?<|endoftext|>
W	How do you keep yourself sane?<|endoftext|>
W	How many more drunk not-really-serious texts am I going to get?<|endoftext|>
W	How many times do you say yes before you have sex?<|endoftext|>
W	How did you feel about them?<|endoftext|>
W	How about come out and just say what youre thinking instead of trying to manipulate us?<|endoftext|>
W	Who says theyre even using the chairs because of obesity?<|endoftext|>
W	When you get married, do you have an engagement ring and a wedding ring?<|endoftext|>
W	How long have you two been dating?<|endoftext|>
W	What I find particularly interesting is the way some girls that knew me before I transitioned, who arent particularly supportive, have included me in girl talk a couple of times, somewhat instinctively?<|endoftext|>
W	What are your eating habits like?<|endoftext|>
W	What specifically do want to do with your hair?<|endoftext|>
W	How important to the flavour is the MSG?<|endoftext|>
W	Who are you trying to convince?<|endoftext|>
W	How did you get into tea, if its only been about two years?<|endoftext|>
W	What benefits besides sex are women getting out of marriage?<|endoftext|>
W	How can I not do it??<|endoftext|>
W	What was the power rack if you dont mind me asking??<|endoftext|>
W	How did you get to swim with them!?<|endoftext|>
W	What do you feel you would get out of the experience?<|endoftext|>
W	How does one make turtle noises?<|endoftext|>
W	How much did I get back?<|endoftext|>
W	How many black people do you think are going to laugh at his joke?<|endoftext|>
W	Whats wrong with publicly shaming someone who says something disgusting to me?<|endoftext|>
W	How can someone who is born with severe intellectual disability for example be considered to be sinful if given the choice though?<|endoftext|>
W	How are you paying for college?<|endoftext|>
W	When I was younger I thought that.. something?<|endoftext|>
W	Who said its for looking good for someone else?<|endoftext|>
W	Who wants to bet their marriage is in shambles right about now?<|endoftext|>
W	How serious and committed was the relationship at two months?<|endoftext|>
W	What if you guys have a pregnancy scare?<|endoftext|>
W	How do you even know hes telling the truth?<|endoftext|>
W	However, what is so horrible about *actually* being friends?<|endoftext|>
W	How do you deal with all of them?<|endoftext|>
W	How long have you been talking seriously about getting married?<|endoftext|>
W	What are your big plans for Croatia?<|endoftext|>
W	How many people went to study law last year?<|endoftext|>
W	What sort of asshole does that?<|endoftext|>
W	What more can one ask for?<|endoftext|>
W	how did you choose those breeds?<|endoftext|>
W	Howland Reed finally going to make an appearance?<|endoftext|>
W	What is **not** Red Pill about this?<|endoftext|>
W	How does using harassment that relates to someones gender (as opposed to saying the exact same things one would say to someone like Unidan) not amount to ingrained prejudice against women?<|endoftext|>
W	How long are you staying with your friend?<|endoftext|>
W	What about the health of his children?<|endoftext|>
W	What was the couples counseling about?<|endoftext|>
W	When you are treated differently your whole life as a minority, why should you celebrate your similarities with people who dont really give a shit about you?<|endoftext|>
W	What (very specifically) are you willing to take and not take?<|endoftext|>
W	How long ago did you two start dating?<|endoftext|>
W	How can you draw so good?<|endoftext|>
W	What if the homeowners report you?<|endoftext|>
W	What do you eventually want to be doing for a career?<|endoftext|>
W	Who wants to sort through teenagers dating issues?<|endoftext|>
W	What province do you live in?<|endoftext|>
W	What happens in the future - if youre hurt about not getting a job, or a car crash, or a cancer scare?<|endoftext|>
W	What are your experiences with this?<|endoftext|>
W	What are you doing on Saturday?<|endoftext|>
W	What age group dyou think has the most theorists and why?<|endoftext|>
W	How did you apply for your job?<|endoftext|>
W	When I was about 10 a kid rode by me on his bike and hollered Hey nigger, whaddya figure, just because your lips are bigger?<|endoftext|>
W	Who paid for the steam games?<|endoftext|>
W	What does slow as balls even mean?<|endoftext|>
W	What kind of breed is the oldest one?<|endoftext|>
W	What do you want the reason for?<|endoftext|>
W	How rude can some people be??<|endoftext|>
W	What is an apology really going to do?<|endoftext|>
W	How does a person not know the name of their spouses deceased spouse?<|endoftext|>
W	How could you think a mans wife being pregnant wouldnt matter?<|endoftext|>
W	How can you be so dismissive of the feelings of your girlfriend, who I am almost certain will be having the hurt feelings youre talking about?<|endoftext|>
W	What do you like to draw?<|endoftext|>
W	How are you finding the culture and such?<|endoftext|>
W	How is your new girlfriend going to feel about you still being in contact with your ex?<|endoftext|>
W	What if everyone sees colors differently?<|endoftext|>
W	What part of the country are you in?<|endoftext|>
W	Whos to say you wont regret that choice?<|endoftext|>
W	What else can you do in the shower while brushing your teeth?<|endoftext|>
W	What the heck kind of bus drives though rural areas??<|endoftext|>
W	How many times does someone need to learn that lesson?<|endoftext|>
M	How many days before a weigh in should I stop creatine, and how much should I reduce water consumption by?<|endoftext|>
M	Who the fuck was happy with Obamas spying?<|endoftext|>
M	What is the profit margin like?<|endoftext|>
M	How dare you say that about me!)?<|endoftext|>
M	When was the last Supreme Court case about burning jerseys?<|endoftext|>
M	what does the length of his contract have to do with melos desire to stay?<|endoftext|>
M	What about people who have billions of dollars that arent spent?<|endoftext|>
M	When was the last time you saw Jay-Z build a birdhouse?<|endoftext|>
M	How do the Celtics have more history than the Lakers?<|endoftext|>
M	What, you figure David Moyes was hired because of his play style and tactical ability?<|endoftext|>
M	How you let that shit be?<|endoftext|>
M	When did the Bears become a franchise that went under peoples radar?<|endoftext|>
M	What screams privilege more than a bunch of white rich kids with no clue about anything outside the borders of the USA that that?<|endoftext|>
M	What the fuck do you think a unified online network means anyways?<|endoftext|>
M	Whats the best way to go about building a collection?<|endoftext|>
M	What percentage of the US armed forces self-identifies as a muslim?<|endoftext|>
M	Who deserves blame in the Detroit case?<|endoftext|>
M	Who drafted the first black quarterback to start in the NFL?<|endoftext|>
M	How do you count digital votes?<|endoftext|>
M	How wide is the league though?<|endoftext|>
M	How far back do you wanna go?<|endoftext|>
M	Whats your experience with how games handle the ultrawide resolution?<|endoftext|>
M	How makes you think that your 50â‚¬ PSU is less likely to destroy the video card?<|endoftext|>
M	What would be a good choice out of these that isnt too expensive?<|endoftext|>
M	How is what I said a constitutional argument?<|endoftext|>
M	What positions and work are you talking about?<|endoftext|>
M	What happens if your QB played WR in NCAA?<|endoftext|>
M	Whats the point of watching any league thats not the best of the best?<|endoftext|>
M	What Im really trying to say, I suppose, is when the hell is Goldberg getting on the JRE?<|endoftext|>
M	What the fuck is a firearm going to do against a military?<|endoftext|>
M	What are you referring to exactly?<|endoftext|>
M	How do you feel about his comments below about reducing safety standards?<|endoftext|>
M	How are AMD on the drivers/software side of things these days?<|endoftext|>
M	How did India decide that their companies could cut 97 percent of the price?<|endoftext|>
M	What makes you think Im going through anything?<|endoftext|>
M	What do I care about crappy indie games?<|endoftext|>
M	How much is a Nexus 7 or 10 again?<|endoftext|>
M	What are you doing before that?<|endoftext|>
M	What about the social contract of the matches the site gives you?<|endoftext|>
M	Who the fuck are YOU to say what is and isnt funny?<|endoftext|>
M	What answer does AMD possibly have for Volta?<|endoftext|>
M	How would you feel about that?<|endoftext|>
M	How are you not getting this?<|endoftext|>
M	What is so fucking hard to understand about the enemy of my enemy is my friend?<|endoftext|>
M	What are you, in high school?<|endoftext|>
M	What happens if you attack first, and win in two minutes?<|endoftext|>
M	How has the EU withstood the financial crisis better that China or the U.S.?<|endoftext|>
M	What is this, fucking Star Wars?<|endoftext|>
M	How about you put that cost of service on the menu, explicitly?<|endoftext|>
M	How do you think the USA should of handled Japan refusing to surrender?<|endoftext|>
M	What resolution do you game at?<|endoftext|>
M	How would telling people that I am fit and good at sex (which I didnt do) lead you to believe that I lacked drive?<|endoftext|>
M	When did Spurs ownership become billionaire oil and mining businessmen?<|endoftext|>
M	What does gox have to do with it?<|endoftext|>
M	When I would be switching cells each new jailer would look at me and say say HPD??<|endoftext|>
M	whos going to watch TV shows on a 19 laptop after that?<|endoftext|>
M	How competitive are you trying to be?<|endoftext|>
M	How are you going to protect your backline with Skeletal Swing?<|endoftext|>
M	How does the loudness of an F1 car at Indy compare to an Indy car at Indy?<|endoftext|>
M	How has LA fallen off a cliff?<|endoftext|>
M	Who sets the definition of libertarians?<|endoftext|>
M	How about the Sjah of Iran, who was a despot and a dictator who ruled with an iron fist, jailed opposition leaders, shut down free press and whose secret service was infamous for its torture techniques?<|endoftext|>
M	How can one be proud of an ancestor who fought to defend slavery?<|endoftext|>
M	What were some examples of changes you worked to implement?<|endoftext|>
M	What do you want me to do, stand up and cheer every fucking time the game starts?<|endoftext|>
M	What types of contracts require licenses prior to entry, again?<|endoftext|>
M	Who cares that the Smith machines bar path is unnatural?<|endoftext|>
M	What defines a sport, and why cant esports be a part of it?<|endoftext|>
M	What Udyr spec do you build, just curious?<|endoftext|>
M	What are you being paid for since you dont know what youre talking about?<|endoftext|>
M	How do you decide what to sideboard that in against?<|endoftext|>
M	What is so bad about it?<|endoftext|>
M	How many news outlets have you worked for?<|endoftext|>
M	Whats the big difference between a candidate who has a 3.8 vs a candidate with a 3.9?<|endoftext|>
M	how is focusing on one gender going to bring about equality?<|endoftext|>
M	What does LeBron not exist anymore???<|endoftext|>
M	How did we handle Suarezs situation?<|endoftext|>
M	When has CP3 been on an elite team?<|endoftext|>
M	How much protein are you getting?<|endoftext|>
M	What are the two things you need for a true Resurrection?<|endoftext|>
M	How much of the game do you think that was?<|endoftext|>
M	What arguments do your friends give you for wanting you to lower your standards?<|endoftext|>
M	What if you keep lighting my crops on fire that I use to sell to generate revenue?<|endoftext|>
M	What prevents BCC from rebroadcasting those transaction details on their network?<|endoftext|>
M	What if I told you I want to own $10 million worth of properties and drive an Aston Martin?<|endoftext|>
M	What city has 22 acres of open space just sitting around?<|endoftext|>
M	What if I say: anyone who believes in a broader European culture isnt worth talking to?<|endoftext|>
M	How do you know its not staged?<|endoftext|>
M	What parts specifically are you interested in?<|endoftext|>
M	Whens the last time that happened to a cyclist?<|endoftext|>
M	What was the last bit monster film?<|endoftext|>
M	What are you planing on doing with your rig?<|endoftext|>
M	what does any of that have to do with subjective morality or vegans being morally superior to non-vegans?<|endoftext|>
M	When was the last time a key AFCN player was injured against Cleveland?<|endoftext|>
M	What are you looking to get out of between these to cars?<|endoftext|>
M	Whats so great about taxes and why should a few billion more improve the way governments do things?<|endoftext|>
M	What the hell is going on with graphics cards recently?<|endoftext|>
M	What were the first main updates?<|endoftext|>
M	What, exactly, are you looking for in a screenshot of UI?<|endoftext|>
M	What are you going to get for Young/Papelbon?<|endoftext|>
M	Who the fuck is gonna spend $10 on Swerved and Culture Shock?<|endoftext|>
M	When did Hamilton say Mercedes cant win?<|endoftext|>
M	What more could you ask for in terms of support?<|endoftext|>
M	What more are you getting for the additional money than the people who paid $50 for the same show?<|endoftext|>
M	What if Darrin Nelson wouldve caught that pass?<|endoftext|>
M	How much soil and water do you think the average farm needs?<|endoftext|>
M	What do you think the qualifications for lawmakers should be?<|endoftext|>
M	Who would have thought Corey would be the one to go?<|endoftext|>
M	What do I pick, do I walk away from my $20 million factory or do I keep producing widgets?<|endoftext|>
M	How many lukewarm internet movements are these damned, dirty hipsters going to start for incurable problems?<|endoftext|>
M	What the hell are the civil service supposed to do?<|endoftext|>
M	Whos in the away jersey over Cristantes shoulder on the right edge?<|endoftext|>
M	What else would be keeping the Scourge in check?<|endoftext|>
M	what do you mean by 3690?<|endoftext|>
M	How does Hornacek go from 2nd in COY voting one year to not getting a single vote the next?<|endoftext|>
M	what if Marc Andre Bergeron didnt bust Rolosons knee?<|endoftext|>
M	Whats anyone dug up on the Clinton Foundation lately?<|endoftext|>
M	What kind of games do you like to play already?<|endoftext|>
M	What if I told you that owning a non gaming PC and a gaming console initially cost the same as owning a gaming PC?<|endoftext|>
M	Whats the point playing a (single player) game just for its difficulty factor?<|endoftext|>
M	How could you give us anything but an A?<|endoftext|>
M	What good could possibly come from a sequel?<|endoftext|>
M	What is the importance of The Borealis, and what is its cargo?<|endoftext|>
M	What if you had equipped your ship with utterly kickass kill the crew -weaponry?<|endoftext|>
M	What free content do you think /DRIVE will still have that will be good enough to really get the general public going?<|endoftext|>
M	How are any of these videos reviews?<|endoftext|>
M	How can winning impart a sense of accomplishment if you know you didnt actually earn it?<|endoftext|>
M	What if I could prove to you beyond the shadow of a doubt, with tons of evidence that nobody involved has even attempted to defend themselves against, that Hillary and the DNC rigged the 2016 primaries in favor of Hillary Clinton, giving Bernie Sanders no chance to win the nomination?<|endoftext|>
M	How heavily are we weighting ability to stay healthy?<|endoftext|>
M	what will the landscape of pro wrestling look like when Vince McMahon dies?<|endoftext|>
M	Whats so special about the time between the formation lap and the start?<|endoftext|>
M	What is important to these people?<|endoftext|>
M	What was the reason for Dota 2 to get placed in Katowice and not CS:GO?<|endoftext|>
M	What do you think of the reveal of Gato and Ninas past?<|endoftext|>
M	Whats going on with the training or Police in Minnesota?<|endoftext|>
M	How is taxation against human rights?<|endoftext|>
M	What part do you want - epistemology/critique of metaphysics, ethics, politics?<|endoftext|>
M	What has the league done historically regarding players with a DUI charge?<|endoftext|>
M	What is your policy on memes and silly content?<|endoftext|>
M	How much are you looking to spend on the GPU?<|endoftext|>
M	Whats your current max bench without the smith machine?<|endoftext|>
M	Whatd you do about the wider wheels/fender arches?<|endoftext|>
M	What is the technology, by the way?<|endoftext|>
M	Whats the point in being champion if youre not THE champion?<|endoftext|>
M	What about those years when Shaq left and Kobe was left by himself?<|endoftext|>
M	What monitor do you have ?<|endoftext|>
M	What games that you play are bottlenecked by the CPU?<|endoftext|>
M	Who the hell cares about his tax returns from last year?<|endoftext|>
M	Whats wrong with telling someone to step up and handle their problems with strength and stoicism?<|endoftext|>
M	What happens when the EMS department runs out of money?<|endoftext|>
M	What should commentators be saying instead?<|endoftext|>
M	How about a little bit on Messi getting the ESPY award for Best Male International Athlete?<|endoftext|>
M	How many guys have simply said fuck no, not moving no matter what?<|endoftext|>
M	What is important to you for a case?<|endoftext|>
M	How can a list of companies (which you explicitly asked for) carry any sort of implication?<|endoftext|>
M	What else is wrong with it?<|endoftext|>
M	What is your counter-argument to inflation?<|endoftext|>
M	How else does a community organizer from Chicago, an energetic progressive liberal get turned into Bush Lite?<|endoftext|>
M	Whats the comparison to the Super Bowl?<|endoftext|>
M	What states did Bernie *actually* win, in your opinion?<|endoftext|>
M	Who feels patriotic just because a single individual could run fastest?<|endoftext|>
M	How could you possibly know what each and every miners operating costs are?<|endoftext|>
M	What would proof even look like?<|endoftext|>
M	What do you base that off of?<|endoftext|>
M	How exactly do you direct pay with a credit card through bitcoin?<|endoftext|>
M	How does that detract from my point?<|endoftext|>
M	How big is the Indian/Pakistani immigrant in your neck of the woods?<|endoftext|>
M	What does the two extra cores in the FX-8320 do?<|endoftext|>
M	What do you think theyll buy?<|endoftext|>
M	What specifically do you mean by that?<|endoftext|>
M	How is a championship meaningful if you refuse to even challenge your hardest opponent?<|endoftext|>
M	What is a better way for the 1000 ep to end with the face of wwe winning the title?<|endoftext|>
M	Whats your opinion on app-store pricing?<|endoftext|>
M	What, strategically, would you have done?<|endoftext|>
M	When did I ever imply that anyone would be unable to learn these things?<|endoftext|>
M	What are todays biggest multiplayer PC games?<|endoftext|>
M	What does that even have to do with anything?<|endoftext|>
M	What power supply do you have?<|endoftext|>
M	What in the name of our Lord did you just say about me, you little heathen?<|endoftext|>
M	When the fuck did I say that?<|endoftext|>
M	What the hell do you mean that those guns are influenced by the attitudes pushed by the the pro gun media?<|endoftext|>
M	How should I go about this?<|endoftext|>
M	How do I know these things?<|endoftext|>
M	What, in your opinion, would be an acceptable rehabilitation plan for, say, James Holmes (Aurora, CO shooting in 2012)?<|endoftext|>
M	How do you talk about the UFC as though its impressive without suggesting that professional wrestling isnt real fighting?<|endoftext|>
M	Who was the center for the Rockets in the 80s, Ralph Sampson or Hakeem Olajuwon?<|endoftext|>
M	How long have sucky PC manufacturers released plastic computers with shitty screens?<|endoftext|>
M	What are you thinking of as discrimination, then?<|endoftext|>
M	When has Rondo ever demonstrated an ability to space the floor?<|endoftext|>
M	How did you jump to the conclusion that these immigrants behaviour was a direct result of their ethnic and cultural background?<|endoftext|>
M	What is hardcore about walking 50 metres in a dungeon you have to run anyway to get gear for raids so you can enter the raid (molten core atunement) or running the instances you have to run for gear anyway to start raiding (BWL and kara) or a stupid long quest chain (onyxia) or grinding reputation (naxx 40)?<|endoftext|>
M	What exactly did his presence add during the vote?<|endoftext|>
M	Whats the best route to take?<|endoftext|>
M	When have you ever made an interesting strategic choice about runes?<|endoftext|>
M	What were your typical load speeds on an HDD?<|endoftext|>
M	How many people honestly wanna see Cavs Warriors part 4?<|endoftext|>
M	What in the fuck are you talking about?<|endoftext|>
M	Whatever his reason mightve been, who cares?<|endoftext|>
M	Whats your realistic dream car OP?<|endoftext|>
M	How does their potential down the road have anything to do with their caliber right now?<|endoftext|>
M	How about loaning us a bit of the playoffs mojo, and well loan you a few of our fans and less-boring hockey?<|endoftext|>
M	Whats with Lesnar only having brawls?<|endoftext|>
M	What is the purpose of that, uh, hole on top of the drivers head?<|endoftext|>
M	Who should I share as a my companion unit?<|endoftext|>
M	What was in the Library of Alexandria?<|endoftext|>
M	How is a typical engineer like me supposed to know who to vote for?<|endoftext|>
M	How would electing Trump make the DNC magically uncorrupt?<|endoftext|>
M	How are you going to rob them?<|endoftext|>
M	Whatever happened to the public option / single-payer healthcare?<|endoftext|>
M	How about enforcing the constitution for a start?<|endoftext|>
M	How can that be the case?<|endoftext|>
M	What is telegraphing if not specifically warning that a punch is coming?<|endoftext|>
M	What the fuck is going on?<|endoftext|>
M	What, however, would happen if your skill was only adequate to bring your teams win rate up to 55%?<|endoftext|>
M	What value are you bringing to the table teaching university freshman level material in a high school setting by having a graduate degree in a hard science discipline?<|endoftext|>
M	What type of games do you prefer?<|endoftext|>
M	How tall are you, and what does your exercise plan look like?<|endoftext|>
M	When I go back, should I deload by 10% and go back up - so basically 32.5kg, 42.5kg, 70kg, and 80kg, or try again from the numbers above?<|endoftext|>
M	Who was charged as a result of those investigations?<|endoftext|>
M	What if Cena wins at MITB and then Henry wins the WWE Championship match on Raw?<|endoftext|>
M	How can we both be right?<|endoftext|>
M	How many ordinary people do you know who carry around an AR-15?<|endoftext|>
M	What the effing-hell kind of car can YOU buy for $3200?<|endoftext|>
M	Who the fuck wears a tux to play music?<|endoftext|>
M	How much would you pay for Michael Jordan?<|endoftext|>
M	Whats the easiest way to get OTA TV on a Windows 10 PC?<|endoftext|>
M	How is someone with 7 felony convictions free to walk the streets and commit an 8th?<|endoftext|>
M	Who will make us pay our debts, and with what military?<|endoftext|>
M	What kind of computer are you using?<|endoftext|>
M	What about wars fought over water, land, principle?<|endoftext|>
M	What if the Spurs land LeBron?<|endoftext|>
M	Whats the point of driving the same season over and over?<|endoftext|>
M	Who would you think was better?<|endoftext|>
M	What does someone like Wehrlein have to do?<|endoftext|>
M	What was swat selection for you?<|endoftext|>
M	How many dead based on lies from Iraq?<|endoftext|>
M	What happens after PiS wins - old director reinstated, new competent one hired?<|endoftext|>
M	What was bad about the story?<|endoftext|>
M	What exactly do these restrictions look like?<|endoftext|>
M	Whats the rating with a normal bench?<|endoftext|>
M	How many owners would be willing to take on Rudy Gays salary?<|endoftext|>
M	What if you had scrolls like this, right?<|endoftext|>
M	How can you possibly be the best player in the league if Joe Flacco makes a bigger impact than you?<|endoftext|>
M	What would that bring to him?<|endoftext|>
M	What made you see the light?<|endoftext|>
M	However, if that situation played out the Spurs core would be Kawhi, Aldridge, Corey Joseph after Parker/Manu/Duncan retire(d)?<|endoftext|>
M	How has Wayne not been mentioned yet!?<|endoftext|>
M	What choice do the economically disadvantaged have but to keep voting to keep the welfare flowing?<|endoftext|>
M	How many of these are going to be done today?<|endoftext|>
M	How could routinely lying to oneself result in feelings of superiority or boosted ego?<|endoftext|>
M	How many times we saw PA or Ursa being picked for competitive play?<|endoftext|>
M	What happens when the next revolution in internet connectivity to the home is based on open air optics reflected off blimps?<|endoftext|>
M	Whats the point of austerity and the Conservative party if youre going to get taxed to shit anyway?<|endoftext|>
M	When people complain that we dont travel for nonconference games, my response is why should we?<|endoftext|>
M	How much does a SAM missile cost you think?<|endoftext|>
M	Who are the two great kids?<|endoftext|>
M	How the hell does the writer actually think that is a sound argument?<|endoftext|>
M	What should I do now to transition to fire-mage?<|endoftext|>
M	How about absolutely, irretrievably denying someone access to their commander?<|endoftext|>
M	How exactly is having a mental illness **worse** than being a violent person?<|endoftext|>
M	How many of those teams won Super Bowls?<|endoftext|>
M	What will the DOJ or SEC do?<|endoftext|>
M	What about all those missed chances for people who were going to receive those scholarships?<|endoftext|>
M	How many times have you bought a game on Steam during a sale and been *completely unable* to download it?<|endoftext|>
M	Whats a solid upper-mid quad core from team red?<|endoftext|>
M	When was the last time you heard of any crazed knifeman going on a stabbing spree?<|endoftext|>
M	What have you done with your life?<|endoftext|>
M	When hes just relaxing and watching tv, guess what?<|endoftext|>
M	How is Philly even close to Atlantas level of futility?<|endoftext|>
M	When a microbe splits into two, who can say which is the (older) original cell and which is the (brand new) split-off cell?<|endoftext|>
M	What happened when Apple wanted to get into electric cars?<|endoftext|>
M	When did I say I hate jews?<|endoftext|>
M	How much simpler can I make it?<|endoftext|>
M	Who do you think elects the president of these **United *States*?<|endoftext|>
M	What in the email violated law?<|endoftext|>
M	What makes you feel Lebron is better than Kobe, Hakeem, and Duncan?<|endoftext|>
M	What happened when the French Revolution took place?<|endoftext|>
M	When somebody already makes 10/hour, what do you do when you elevate somebody who was previously making 7.25?<|endoftext|>
M	How much does Riot spend on their esports scene then?<|endoftext|>
M	What exactly do you want AMD to do?<|endoftext|>
M	Who cares if manual transmissions are going the way of the dodo?<|endoftext|>
M	Whats stopping you from playing an anti aggro deck until rank 10 and then playing a midrange or control deck?<|endoftext|>
M	How do you pick one to be the winner?<|endoftext|>
M	What do you expect DE to do?<|endoftext|>
M	How would you propose to go about halting it?<|endoftext|>
M	What about just not making the trades?<|endoftext|>
M	How do we retaliate in that unlikely situation?<|endoftext|>
M	What do you define absolute poverty as?<|endoftext|>
M	What do you want the man to do?<|endoftext|>
M	How the hell do you think Wikileaks gets their hands on this?<|endoftext|>
M	However, how many people from Atlanta cheer for Georgia over Tech, the school thats actually in the city?<|endoftext|>
M	Who would want to pay $100k for a d-league player?<|endoftext|>
M	What proof, besides physical models that appear to apply?<|endoftext|>
M	Who would play as a robot that casts spell and a blue pansy boy that punches things?<|endoftext|>
M	What did you mean you started at 100lbs?<|endoftext|>
M	How long ago did you purchase your laptop?<|endoftext|>
M	How could such a man, or anyone who supports him, claim to give a damn about the will of the people?<|endoftext|>
M	Who the fuck would have predicted Brexit would be led by the donkeys in charge now?<|endoftext|>
M	What makes Melo such a great fit?<|endoftext|>
M	Whos gonna protect the rich people when the working class revolts?<|endoftext|>
M	What is inconsistent about Bens season last year?<|endoftext|>
M	How many people can type 1 billion words per minute, convey tone of voice through text, charm people who are jaded about being charmed, keep the talent interested and engaged through what normally would be a tedious, repetitive fanboy press conference?<|endoftext|>
M	What is the result of economic reform?<|endoftext|>
M	What do you want me to say about it?<|endoftext|>
M	Whats going to happen when our jobs are replaced?<|endoftext|>
M	What I wonder is, will my cpu bottleneck it?<|endoftext|>
M	How the fuck do some of yall have us at 10?<|endoftext|>
M	When New Years eve or Guy Fawkes is around?<|endoftext|>
M	What happens if the populace votes for a war of aggression?<|endoftext|>
M	What the fuck are you lmaoing about?<|endoftext|>
M	How does going your own way solve any of those problems?<|endoftext|>
M	WHat do you mean never announcing a match?<|endoftext|>
M	What do you actually offer society?<|endoftext|>
M	What are you achieving by jailing a muslim for a few years?<|endoftext|>
M	How many 39 year olds have ever shown theyre worth that kind of end of term deal?<|endoftext|>
M	Who is to blame for its effect on the environment?<|endoftext|>
M	How many times in *history* have you had a duo on a team consisting of two players who are *unquestionably* the Top 3 All-Time in their respective positions?<|endoftext|>
M	What was I supposed to do?<|endoftext|>
M	How do you know Ill do this?<|endoftext|>
M	Who should the power be returned to?<|endoftext|>
M	What are the studies that we run?<|endoftext|>
M	What is your reasoning for not having a salary cap?<|endoftext|>
M	Who are you to tell me who my team is?<|endoftext|>
M	What exactly is the valor in bombing people with no air force?<|endoftext|>
M	What am I willing to give up for the cause of helping Wal-mart Workers?<|endoftext|>
M	What 14 year-old is going to question his coach?<|endoftext|>
M	How could you possibly know that?<|endoftext|>
M	Who are we to exactly judge what is a big deal?<|endoftext|>
M	When was the last time we got any meaningful help from Albania, Slovakia, or Luxembourg?<|endoftext|>
M	What do you think of the whole NYCFC/Lampard situation?<|endoftext|>
M	how fucked would spurs be if LMA is taken by Suns?<|endoftext|>
M	Whats to say a qualified financial manager wont screw you over?<|endoftext|>
M	How is stating a fact absurd?<|endoftext|>
M	What types of games do you like?<|endoftext|>
M	WHAT DID YOU ACCOMPLISH LAST YEAR CLEMSON?<|endoftext|>
M	What do you classify as hating on gays?<|endoftext|>
M	Who cares if hes not competing for the championship within two months of debuting?<|endoftext|>
M	How necessary would something like an H100i Hydro Series liquid CPU cooler be in a Corsair 250D case build?<|endoftext|>
M	How do you have energy to do four chest/tri exercises in a row?<|endoftext|>
M	How many different ways can you arrange 52 cards?<|endoftext|>
M	Who are the biggest cheerleaders for the defense industry in the Senate?<|endoftext|>
M	However, I guess with the lack of promotion/relegation in those sports and leagues are the reason why?<|endoftext|>
M	How is the depth chart looking at those positions?<|endoftext|>
M	Whats the worst thing Al Davis did?<|endoftext|>
M	Who cares what happened in the end?<|endoftext|>
M	What does that have to do with anything?<|endoftext|>
M	What was the capitol of Palestine before Jewish immigration?<|endoftext|>
M	How can you even make such a paralel?<|endoftext|>
M	What is at the core of our state really?<|endoftext|>
M	When was the last time you drew your whole deck against a Warlock?<|endoftext|>
M	What facilities in Israel exist for Jews only?<|endoftext|>
M	what the fuck are you talking about?<|endoftext|>
M	How long ago did you transfer the btc from cj wallet to your personal wallet?<|endoftext|>
M	How long after the death does the story take place?<|endoftext|>
M	How long of an answer do you want?<|endoftext|>
M	How am I supposed to keep up with my squats and deadlifts?<|endoftext|>
M	How the fuck else do you expect a legally binding issue to be solved?<|endoftext|>
M	What do you think about seeds?<|endoftext|>
M	What makes certain German cars engines sound mechanical?<|endoftext|>
M	What is your opinion on his position that how a person chooses to spend their money being indistinguishable from speech?<|endoftext|>
M	What better way to prep and condition society to accept the events more than saturating their brains with visual representation?<|endoftext|>
M	How many different sects are we composed of throughout the United States?<|endoftext|>
M	How many civilians have Israel killed, and how many civilians have palestinian militants killed?<|endoftext|>
M	How did we fuck up though?<|endoftext|>
M	What are fellow workers going to do?<|endoftext|>
M	How quickly do you need a car?<|endoftext|>
M	How would you get England and Japan and Algeria and Trinidad all to agree on how much to fine players on an international level when their players all have drastically different incomes?<|endoftext|>
M	What if a man wanted to stay at home?<|endoftext|>
M	How is maybe tampering and not turning over a cell phone rounded up to a 1st round pick, a 4th round pick, a $1m fine, and a 4 game suspension for a player appropriate?<|endoftext|>
M	What is so fucking detestable about thousands of people crying and screaming in happiness over a moment?<|endoftext|>
M	How can Gamestop justify their prices compared with that?<|endoftext|>
M	How often has Houston had a stacked team?<|endoftext|>
M	What the bloody hell did you just fucking say about me, ya bloody cunt?<|endoftext|>
M	what i gotta like the lakers?<|endoftext|>
M	What didnt you like about it?<|endoftext|>
M	How pissed would you be if you were FSU (undefeated, returning champs) and not given a 1st round bye?<|endoftext|>
M	What 2012 rookie QBs didnt start any games in 2012?<|endoftext|>
M	What I mean is, are regular people thinking or knowing about them?<|endoftext|>
M	What sport has its championship game in early August in the US?<|endoftext|>
M	How did you get **90.4% false positive rate** with a specificity of 99.4%?<|endoftext|>
M	How would that affect your life?<|endoftext|>
M	What the fuck did you just fucking say about me, you little bitch?<|endoftext|>
M	What happens when the big bogeyman of the day the medias obsessing over stops being terrorists and starts being something else?<|endoftext|>
M	What the fuck did you just fucking say about me, you little bitch?<|endoftext|>
M	How is Greece going to make money with the Drachma?<|endoftext|>
M	How about getting above .500 first?<|endoftext|>
M	When was the last time Syracuse was ranked in football?<|endoftext|>
M	When did people start pointing out having more assists than Westbrook as being impressive?<|endoftext|>
M	What the fuck does price:performance ratio have to do with the durability of tires?<|endoftext|>
M	How does a tax-adjusted cap help the players?<|endoftext|>
M	What club wouldnt want a club captain who has won the PL, FA cup, League Cup, Community Shield, PL player of the year award, and, well, is a regular feature in European competitions?<|endoftext|>
M	What kind of fan am I?<|endoftext|>
M	How would Bradford compare to Stafford, for example, if the Rams had a wide receiver who was in the same universe as Megatron?<|endoftext|>
M	What is the network and disk load while rendering with the cluster you already have?<|endoftext|>
M	What reasonable grown man fears for his life in a fistfight?<|endoftext|>
M	How in the hell do you throw Edwin Encarnacion, the Dominican Teddy Bear, out of the game after a few sentences?<|endoftext|>
M	What about researching a market, developing a plan, seeking out investors, building capital, creating a manufacturing process and a supply chain, developing a marketing program, finding a distribution channel and delivering product?<|endoftext|>
M	What do we find:  Skyrim?<|endoftext|>
M	How much better would the benchmarks of RX480 and GTX1070 be in 3 years extrapolating from current trends?<|endoftext|>
M	What the fuck did you just fucking say about me, you little Intro Pack bitch?<|endoftext|>
M	Whats the argument for Bird over Magic?<|endoftext|>
M	How is a United fan calling us shallow in defence?<|endoftext|>
M	How about a 7 year-old platform, the Xbox 360?<|endoftext|>
M	How well do you really think Poland, Romania, and Greeces troops would stack up against the Russian military?<|endoftext|>
M	What the fuck did you just fucking say about me, you little bitch?<|endoftext|>
M	What the fuck did you just fucking say about me, you little bitch?<|endoftext|>
M	What the fuck did you just fucking say about me, you little bitch?<|endoftext|>
M	What the fuck did you just fucking say about me, you little bitch?<|endoftext|>
M	What the fuck did you just fucking say about me, you little bitch?<|endoftext|>
M	What the fuck did you just fucking say about me, you little bitch?<|endoftext|>
M	What the fuck did you just fucking say about me, you little bitch?<|endoftext|>
M	What the fuck did you just fucking say about me, you little bitch?<|endoftext|>
M	What the fuck did you just fucking say about me, you little bitch?<|endoftext|>
M	What the fuck did you just fucking say about me, you little bitch?<|endoftext|>
M	What the fuck did you just fucking say about me, you little bitch?<|endoftext|>
M	What the fuck did you just fucking say about me, you little bitch?<|endoftext|>
M	What the fuck did you just fucking say about me, you little bitch?<|endoftext|>
M	What the fuck did you just fucking say about me, you little bitch?<|endoftext|>
M	What the fuck did you just fucking say about me, you little bitch?<|endoftext|>
M	What the fuck did you just fucking say about me, you little bitch?<|endoftext|>
M	What the fuck did you just fucking say about me, you little bitch?<|endoftext|>
M	What the fuck did you just fucking say about me, you little bitch?<|endoftext|>
M	What the fuck did you just fucking say about me, you little bitch?<|endoftext|>
M	What the fuck did you just fucking say about me, you little bitch?<|endoftext|>
M	What the fuck did you just fucking say about me, you little bitch?<|endoftext|>
M	What the fuck did you just fucking say about me, you little bitch?<|endoftext|>
M	What the fuck did you just fucking say about me, you little bitch?<|endoftext|>
M	What the fuck did you just fucking say about me, you little bitch?<|endoftext|>
M	What the fuck did you just fucking say about me, you little bitch?<|endoftext|>
M	What country are you living in?<|endoftext|>
M	What is the definition of truly evil man?<|endoftext|>
M	How about a classic Lakers-Warriors game?<|endoftext|>
M	How in the world did you got the idea that Microsoft invented the cloud, cloud computing, or the concept of cloud computing?<|endoftext|>
M	When was the last time anyone you know ever said theyd want to spend $99 on game for their mobile device?<|endoftext|>
M	When was the last time you saw a newspaper decrying a movie for a rape scene or torture?<|endoftext|>
M	How do you think the pacers managed to be top 10 in defense last year with so many people missing?<|endoftext|>
M	How come youre not arguing that Bill is the GOAT?<|endoftext|>
M	However, as the $200 came from an organization in the U.S., its ok.  How would any of the things in your link from the U.S. government prevent the Frenchman from giving $200 that end up being used to fund a school in Haiti?<|endoftext|>
M	How far does a country that is set to invade to defend its own interests have to go?<|endoftext|>
M	What tools do we not let the general public have?<|endoftext|>
M	Who wouldnt get a little defensive?<|endoftext|>
M	How was his Denver offense not star-studded?<|endoftext|>
M	What the fuck are you saying?<|endoftext|>
M	How was the NBA already not in the shitter?<|endoftext|>
M	What MR are you right now?<|endoftext|>
M	What did I learn from the whole thing?<|endoftext|>
M	Who said anything about attacking France?<|endoftext|>
M	How much ram do you have ?<|endoftext|>
M	How do you tell a good candidate from a bad one?<|endoftext|>
M	Whats the Cavs projected salary at... 200% of the cap?<|endoftext|>
M	Whats going to happen if bitcoin or gold ever went way up in price?<|endoftext|>
M	How often has that really happened before?<|endoftext|>
M	What is wrong with saying that black voters were ignorant?<|endoftext|>
M	How many friends do you know play LoL?<|endoftext|>
M	How much starcraft have you played?<|endoftext|>
M	How many people are at that level?<|endoftext|>
M	How many people in West Virginia work as coopers today?<|endoftext|>
M	How do you even argue that?<|endoftext|>
M	What makes Vegas so special though?<|endoftext|>
M	What am I supposed to do with the drops from the juggernaut?<|endoftext|>
M	How will that 18 year old develop into a better play when he/she doesnt play that often?<|endoftext|>
M	How well can Dwight Powell and Satnam Singh perform if Dirk/Zaza need rest?<|endoftext|>
M	What portion of the federal budget is used to actually supply those *essential* services?<|endoftext|>
M	How about creating free mental healthcare?<|endoftext|>
M	How else to explain his Wight killing prowess?<|endoftext|>
M	What does that even have to do with my post?<|endoftext|>
M	What if Aatrox had both his blood price and blood thirst running at the same time?<|endoftext|>
M	What about the Administrations push to drop the sanctions?<|endoftext|>
M	What should Knicks fans appreciate about Pat Riley?<|endoftext|>
M	Who were the two all-stars LeBron was playing with in 2007?<|endoftext|>
M	How about kickstarting a not-for-profit Internet Service Provider that operates under a net neutrality mandate; which invests all of its potential profit towards education?<|endoftext|>
M	How do I differentiate the conflict starting in the 1880s from a massacre that goes back 1000 years?<|endoftext|>
M	How does the word literally help?<|endoftext|>
M	How the fuck can you not agree with that?<|endoftext|>
M	What is your source for these stats?<|endoftext|>
M	How did the race feel overall?<|endoftext|>
M	What is the propaganda outlet you get your information from called?<|endoftext|>
M	What demands that the criteria be the same despite this?<|endoftext|>
M	How many undersized scoring guards go for big money?<|endoftext|>
M	However, a single weak AI could be probably fill the role by acting along the lines of a DM in a DnD session (Bastion?<|endoftext|>
M	How about you give the same attention to Tennessee or Mississippi State?<|endoftext|>
M	What exactly did Alexander Pierce do again?<|endoftext|>
M	Whats your ideal first 3 turns vs hunter?<|endoftext|>
M	Whats the harm in the end, right?<|endoftext|>
M	How about finding hidden dog relics or determination vials in hidden rooms?<|endoftext|>
M	What did Pep do in Miami or Detriot?<|endoftext|>
M	How do you illustrate a point like that?<|endoftext|>
M	How does that not undermine parity?<|endoftext|>
M	How about the expansion from 25 milllion to almost 50 million people on food stamps?<|endoftext|>
M	How does changing the playoff seeding change who matches up later in the round or fix injuries?<|endoftext|>
M	When would you do in their situation?<|endoftext|>
M	How many scientists work at LOreal?<|endoftext|>
M	How many schools from minor conferences schedule their games against opponents like Alabama hoping to generate revenue for their programs?<|endoftext|>
M	What do you really love to remember from ME3?<|endoftext|>
M	How many people do you think would keep watching the NBA in that situation?<|endoftext|>
M	What are you going to do with the build?<|endoftext|>
M	How about under $3/gallon in general?<|endoftext|>
M	Whats the value added to the team if its loaded with studs and you go 15-1?<|endoftext|>
M	What are you not wrong about?<|endoftext|>
M	What if I dont want to drive around in a tank for 20 mins then shoot a few times and go back to driving to the next base?<|endoftext|>
